Date,Description,Amount,Transaction Type,Category,Account Name
01/02/2018,Peet's Coffee,98.09,debit,Coffee Shops,Platinum Card
01/03/2018,Thai Restaurant,71.32,debit,Restaurants,Savings
01/06/2018,Shell,44.49,debit,Gas & Fuel,Checking
01/06/2018,Peet's Coffee,181.45,debit,Coffee Shops,Checking
01/09/2018,Safeway,66.72,debit,Groceries,Silver Card
01/12/2018,State Farm,156.24,debit,Auto Insurance,Checking
01/12/2018,Starbucks,173.76,debit,Coffee Shops,Checking
01/12/2018,Whole Foods,54.76,debit,Groceries,Checking
01/12/2018,Water Company,22.79,debit,Utilities,Checking
01/14/2018,Direct Deposit,2028.13,credit,Paycheck,Platinum Card
01/16/2018,Electric Company,196.37,debit,Utilities,Platinum Card
01/17/2018,Walmart,159.9,debit,Shopping,Checking
01/19/2018,McDonald's,75.43,debit,Fast Food,Checking
01/20/2018,Local Bar,53.3,debit,Alcohol & Bars,Platinum Card
01/20/2018,Target,189.07,debit,Shopping,Platinum Card
01/21/2018,Barbershop,102.31,debit,Haircut,Checking
01/23/2018,Italian Bistro,35.96,debit,Restaurants,Savings
01/25/2018,Starbucks,56.8,debit,Coffee Shops,Silver Card
01/25/2018,Barbershop,33.86,debit,Haircut,Checking
01/25/2018,Barbershop,73.66,debit,Haircut,Silver Card
01/25/2018,Water Company,141.91,debit,Utilities,Platinum Card
01/25/2018,Starbucks,140.98,debit,Coffee Shops,Platinum Card
01/25/2018,AT&T Internet,152.38,debit,Internet,Silver Card
01/27/2018,Shell,29.14,debit,Gas & Fuel,Savings
01/27/2018,Peet's Coffee,86.91,debit,Coffee Shops,Silver Card
01/28/2018,BP,38.24,debit,Gas & Fuel,Silver Card
01/28/2018,Chipotle,45.8,debit,Fast Food,Savings
01/29/2018,Thai Restaurant,21.55,debit,Restaurants,Savings
02/01/2018,T-Mobile,190.19,debit,Mobile Phone,Savings
02/03/2018,Thai Restaurant,42.15,debit,Restaurants,Platinum Card
02/04/2018,AT&T Internet,29.86,debit,Internet,Savings
02/06/2018,Thai Restaurant,35.41,debit,Restaurants,Savings
02/08/2018,Chipotle,12.93,debit,Fast Food,Savings
02/08/2018,Whole Foods,148.6,debit,Groceries,Silver Card
02/11/2018,Trader Joe's,62.7,debit,Groceries,Savings
02/14/2018,BP,55.02,debit,Gas & Fuel,Silver Card
02/15/2018,Whole Foods,42.93,debit,Groceries,Platinum Card
02/18/2018,Chevron,39.09,debit,Gas & Fuel,Checking
02/18/2018,Subway,33.88,debit,Fast Food,Platinum Card
02/19/2018,Thai Restaurant,12.07,debit,Restaurants,Checking
02/20/2018,Shell,59.08,debit,Gas & Fuel,Savings
02/22/2018,Amazon,72.16,debit,Shopping,Savings
02/23/2018,Shell,45.42,debit,Gas & Fuel,Savings
02/24/2018,Shell,88.26,debit,Gas & Fuel,Silver Card
02/27/2018,Electric Company,184.83,debit,Utilities,Silver Card
03/01/2018,Chipotle,26.37,debit,Fast Food,Checking
03/02/2018,Electric Company,193.32,debit,Utilities,Silver Card
03/04/2018,Local Bar,37.18,debit,Alcohol & Bars,Savings
03/07/2018,Safeway,74.82,debit,Groceries,Savings
03/09/2018,Direct Deposit,2895.97,credit,Paycheck,Platinum Card
03/09/2018,Payroll,2153.75,credit,Paycheck,Silver Card
03/09/2018,McDonald's,77.0,debit,Fast Food,Checking
03/10/2018,Safeway,106.97,debit,Groceries,Silver Card
03/12/2018,Amazon,133.68,debit,Shopping,Platinum Card
03/12/2018,BP,45.2,debit,Gas & Fuel,Platinum Card
03/15/2018,Amazon,89.43,debit,Shopping,Silver Card
03/18/2018,Safeway,140.06,debit,Groceries,Platinum Card
03/21/2018,State Farm,120.57,debit,Auto Insurance,Savings
03/22/2018,AT&T Internet,52.87,debit,Internet,Savings
03/25/2018,Local Bar,83.38,debit,Alcohol & Bars,Silver Card
03/28/2018,Spotify,6.36,debit,Music,Platinum Card
03/28/2018,Electric Company,104.28,debit,Utilities,Platinum Card
03/30/2018,Target,19.04,debit,Shopping,Savings
04/02/2018,Shell,24.95,debit,Gas & Fuel,Platinum Card
04/05/2018,Chipotle,76.97,debit,Fast Food,Checking
04/05/2018,Spotify,75.47,debit,Music,Savings
04/05/2018,Netflix,86.1,debit,Entertainment,Platinum Card
04/06/2018,Chipotle,9.27,debit,Fast Food,Checking
04/09/2018,Chipotle,46.01,debit,Fast Food,Silver Card
04/11/2018,Home Depot,71.58,debit,Home Improvement,Platinum Card
04/13/2018,Whole Foods,146.23,debit,Groceries,Checking
04/14/2018,State Farm,115.63,debit,Auto Insurance,Savings
04/14/2018,Amazon,118.88,debit,Shopping,Savings
04/14/2018,Walmart,199.88,debit,Shopping,Savings
04/16/2018,Target,51.65,debit,Shopping,Checking
04/18/2018,Safeway,95.2,debit,Groceries,Silver Card
04/18/2018,Subway,54.89,debit,Fast Food,Checking
04/18/2018,Spotify,175.04,debit,Music,Platinum Card
04/19/2018,Electric Company,102.55,debit,Utilities,Silver Card
04/20/2018,Subway,19.64,debit,Fast Food,Silver Card
04/22/2018,Water Company,17.73,debit,Utilities,Savings
04/25/2018,Whole Foods,73.8,debit,Groceries,Platinum Card
04/28/2018,Netflix,198.9,debit,Movies & DVDs,Platinum Card
04/30/2018,BP,31.69,debit,Gas & Fuel,Platinum Card
04/30/2018,Sushi Bar,47.61,debit,Restaurants,Checking
05/02/2018,Safeway,58.21,debit,Groceries,Platinum Card
05/05/2018,McDonald's,22.68,debit,Fast Food,Savings
05/05/2018,Local Bar,21.85,debit,Alcohol & Bars,Checking
05/05/2018,Electric Company,96.2,debit,Utilities,Silver Card
05/06/2018,Peet's Coffee,145.03,debit,Coffee Shops,Checking
05/09/2018,Electric Company,173.4,debit,Utilities,Checking
05/10/2018,Walmart,161.46,debit,Shopping,Savings
05/12/2018,Trader Joe's,106.94,debit,Groceries,Platinum Card
05/13/2018,Shell,42.07,debit,Gas & Fuel,Savings
05/15/2018,McDonald's,55.79,debit,Fast Food,Checking
05/17/2018,BP,81.19,debit,Gas & Fuel,Savings
05/20/2018,Italian Bistro,35.77,debit,Restaurants,Savings
05/20/2018,Whole Foods,107.83,debit,Groceries,Savings
05/22/2018,Whole Foods,122.81,debit,Groceries,Silver Card
05/24/2018,Whole Foods,41.25,debit,Groceries,Silver Card
05/25/2018,Trader Joe's,124.83,debit,Groceries,Checking
05/25/2018,Whole Foods,145.77,debit,Groceries,Platinum Card
05/28/2018,Target,122.06,debit,Shopping,Silver Card
05/29/2018,Walmart,27.85,debit,Shopping,Savings
06/01/2018,Thai Restaurant,10.14,debit,Restaurants,Silver Card
06/03/2018,Shell,51.89,debit,Gas & Fuel,Platinum Card
06/03/2018,AMC Theaters,149.53,debit,Entertainment,Platinum Card
06/05/2018,Shell,39.94,debit,Gas & Fuel,Platinum Card
06/05/2018,Water Company,24.6,debit,Utilities,Checking
06/06/2018,Peet's Coffee,55.47,debit,Coffee Shops,Savings
06/08/2018,Whole Foods,27.75,debit,Groceries,Savings
06/11/2018,Whole Foods,33.38,debit,Groceries,Checking
06/14/2018,Target,173.37,debit,Shopping,Silver Card
06/15/2018,Netflix,149.2,debit,Entertainment,Platinum Card
06/15/2018,Italian Bistro,19.73,debit,Restaurants,Savings
06/17/2018,Local Bar,175.61,debit,Alcohol & Bars,Platinum Card
06/18/2018,McDonald's,21.85,debit,Fast Food,Silver Card
06/18/2018,BP,87.13,debit,Gas & Fuel,Platinum Card
06/19/2018,Peet's Coffee,52.27,debit,Coffee Shops,Savings
06/21/2018,Italian Bistro,70.52,debit,Restaurants,Checking
06/21/2018,Barbershop,80.42,debit,Haircut,Savings
06/24/2018,Sushi Bar,29.29,debit,Restaurants,Checking
06/26/2018,State Farm,160.9,debit,Auto Insurance,Checking
06/28/2018,Chevron,34.53,debit,Gas & Fuel,Savings
06/29/2018,T-Mobile,153.94,debit,Mobile Phone,Checking
07/01/2018,Subway,7.68,debit,Fast Food,Silver Card
07/03/2018,Target,154.78,debit,Shopping,Savings
07/03/2018,Barbershop,28.08,debit,Haircut,Silver Card
07/06/2018,Whole Foods,57.27,debit,Groceries,Savings
07/07/2018,Payroll,2019.41,credit,Paycheck,Savings
07/09/2018,Home Depot,73.8,debit,Home Improvement,Platinum Card
07/09/2018,Italian Bistro,58.76,debit,Restaurants,Savings
07/09/2018,Walmart,126.6,debit,Shopping,Checking
07/11/2018,Trader Joe's,93.63,debit,Groceries,Checking
07/14/2018,Subway,42.59,debit,Fast Food,Silver Card
07/16/2018,Amazon,126.25,debit,Shopping,Checking
07/18/2018,Trader Joe's,133.56,debit,Groceries,Platinum Card
07/21/2018,Peet's Coffee,18.77,debit,Coffee Shops,Checking
07/24/2018,Spotify,157.94,debit,Music,Savings
07/26/2018,T-Mobile,149.45,debit,Mobile Phone,Platinum Card
07/28/2018,Amazon,145.93,debit,Shopping,Checking
07/31/2018,AMC Theaters,75.23,debit,Entertainment,Platinum Card
08/02/2018,Whole Foods,88.94,debit,Groceries,Platinum Card
08/05/2018,Thai Restaurant,12.32,debit,Restaurants,Checking
08/05/2018,Whole Foods,82.95,debit,Groceries,Checking
08/05/2018,Subway,33.94,debit,Fast Food,Platinum Card
08/06/2018,State Farm,83.46,debit,Auto Insurance,Silver Card
08/07/2018,Sushi Bar,7.03,debit,Restaurants,Checking
08/08/2018,McDonald's,49.39,debit,Fast Food,Silver Card
08/08/2018,Chevron,85.01,debit,Gas & Fuel,Platinum Card
08/10/2018,BP,86.3,debit,Gas & Fuel,Savings
08/10/2018,Shell,60.68,debit,Gas & Fuel,Platinum Card
08/12/2018,Starbucks,61.24,debit,Coffee Shops,Checking
08/15/2018,Electric Company,9.1,debit,Utilities,Savings
08/16/2018,Verizon,83.48,debit,Mobile Phone,Savings
08/18/2018,Thai Restaurant,8.3,debit,Restaurants,Platinum Card
08/20/2018,Netflix,159.89,debit,Entertainment,Platinum Card
08/20/2018,Water Company,37.98,debit,Utilities,Checking
08/21/2018,Subway,61.26,debit,Fast Food,Checking
08/22/2018,Whole Foods,98.25,debit,Groceries,Savings
08/25/2018,Electric Company,13.16,debit,Utilities,Platinum Card
08/28/2018,McDonald's,61.07,debit,Fast Food,Checking
08/28/2018,Water Company,62.35,debit,Utilities,Checking
08/30/2018,AMC Theaters,21.49,debit,Entertainment,Savings
09/01/2018,Shell,92.43,debit,Gas & Fuel,Savings
09/02/2018,Italian Bistro,71.96,debit,Restaurants,Checking
09/03/2018,Safeway,148.89,debit,Groceries,Platinum Card
09/06/2018,Verizon,143.26,debit,Mobile Phone,Silver Card
09/08/2018,Starbucks,5.13,debit,Coffee Shops,Platinum Card
09/10/2018,BP,44.63,debit,Gas & Fuel,Silver Card
09/10/2018,McDonald's,59.82,debit,Fast Food,Savings
09/12/2018,Starbucks,54.52,debit,Coffee Shops,Platinum Card
09/13/2018,Comcast,43.53,debit,Internet,Checking
09/14/2018,Target,28.7,debit,Shopping,Silver Card
09/15/2018,Safeway,76.74,debit,Groceries,Savings
09/17/2018,Comcast,178.22,debit,Internet,Checking
09/17/2018,AT&T Internet,17.28,debit,Internet,Silver Card
09/20/2018,Shell,62.13,debit,Gas & Fuel,Silver Card
09/22/2018,Safeway,144.93,debit,Groceries,Checking
09/24/2018,Sushi Bar,55.61,debit,Restaurants,Silver Card
09/27/2018,Direct Deposit,2699.78,credit,Paycheck,Checking
09/28/2018,State Farm,124.59,debit,Auto Insurance,Platinum Card
09/28/2018,Chipotle,53.57,debit,Fast Food,Savings
10/01/2018,Amazon,91.35,debit,Shopping,Platinum Card
10/03/2018,Peet's Coffee,126.8,debit,Coffee Shops,Savings
10/03/2018,AT&T Internet,138.16,debit,Internet,Silver Card
10/03/2018,Amazon,199.05,debit,Shopping,Checking
10/05/2018,Netflix,144.37,debit,Movies & DVDs,Savings
10/07/2018,Comcast,154.34,debit,Internet,Savings
10/10/2018,Netflix,40.92,debit,Entertainment,Checking
10/13/2018,Peet's Coffee,168.56,debit,Coffee Shops,Checking
10/14/2018,Chipotle,71.46,debit,Fast Food,Silver Card
10/15/2018,State Farm,186.3,debit,Auto Insurance,Silver Card
10/17/2018,Italian Bistro,41.61,debit,Restaurants,Platinum Card
10/20/2018,Shell,42.97,debit,Gas & Fuel,Savings
10/22/2018,T-Mobile,91.02,debit,Mobile Phone,Platinum Card
10/23/2018,Walmart,32.39,debit,Shopping,Checking
10/24/2018,State Farm,168.3,debit,Auto Insurance,Silver Card
10/26/2018,AMC Theaters,105.86,debit,Entertainment,Checking
10/26/2018,Trader Joe's,16.6,debit,Groceries,Checking
10/29/2018,Safeway,78.38,debit,Groceries,Checking
11/01/2018,Thai Restaurant,37.33,debit,Restaurants,Checking
11/01/2018,Whole Foods,116.2,debit,Groceries,Platinum Card
11/02/2018,Whole Foods,120.19,debit,Groceries,Silver Card
11/04/2018,Local Bar,144.64,debit,Alcohol & Bars,Platinum Card
11/06/2018,Local Bar,115.27,debit,Alcohol & Bars,Savings
11/09/2018,Whole Foods,119.21,debit,Groceries,Silver Card
11/12/2018,Whole Foods,132.29,debit,Groceries,Platinum Card
11/14/2018,Amazon,141.29,debit,Shopping,Silver Card
11/17/2018,Target,65.74,debit,Shopping,Silver Card
11/17/2018,Starbucks,190.55,debit,Coffee Shops,Silver Card
11/17/2018,Walmart,102.79,debit,Shopping,Savings
11/19/2018,Spotify,130.65,debit,Music,Silver Card
11/20/2018,Chipotle,30.24,debit,Fast Food,Checking
11/23/2018,Electric Company,108.31,debit,Utilities,Silver Card
11/24/2018,Starbucks,177.39,debit,Coffee Shops,Checking
11/25/2018,Whole Foods,68.51,debit,Groceries,Savings
11/27/2018,AMC Theaters,147.97,debit,Entertainment,Checking
11/29/2018,Chipotle,59.75,debit,Fast Food,Silver Card
11/29/2018,Target,51.01,debit,Shopping,Silver Card
12/02/2018,Safeway,15.28,debit,Groceries,Checking
12/02/2018,Trader Joe's,146.14,debit,Groceries,Savings
12/04/2018,BP,58.18,debit,Gas & Fuel,Checking
12/04/2018,Amazon,142.41,debit,Shopping,Savings
12/05/2018,Shell,83.55,debit,Gas & Fuel,Platinum Card
12/06/2018,Safeway,60.7,debit,Groceries,Silver Card
12/08/2018,Home Depot,47.26,debit,Home Improvement,Silver Card
12/08/2018,Target,48.42,debit,Shopping,Platinum Card
12/11/2018,Whole Foods,17.11,debit,Groceries,Platinum Card
12/14/2018,Direct Deposit,2291.73,credit,Paycheck,Platinum Card
12/17/2018,Chipotle,59.96,debit,Fast Food,Checking
12/19/2018,Verizon,173.66,debit,Mobile Phone,Savings
12/22/2018,Verizon,35.11,debit,Mobile Phone,Checking
12/22/2018,Italian Bistro,78.74,debit,Restaurants,Silver Card
12/24/2018,Peet's Coffee,38.89,debit,Coffee Shops,Platinum Card
12/27/2018,T-Mobile,11.26,debit,Mobile Phone,Silver Card
12/28/2018,Target,130.99,debit,Shopping,Platinum Card
12/29/2018,BP,74.95,debit,Gas & Fuel,Platinum Card
12/29/2018,Netflix,122.74,debit,Entertainment,Checking
12/29/2018,AMC Theaters,62.27,debit,Entertainment,Platinum Card
01/01/2019,Target,57.0,debit,Shopping,Platinum Card
01/04/2019,Italian Bistro,45.18,debit,Restaurants,Platinum Card
01/04/2019,Trader Joe's,39.96,debit,Groceries,Savings
01/06/2019,Comcast,163.2,debit,Internet,Savings
01/06/2019,Verizon,78.39,debit,Mobile Phone,Checking
01/06/2019,Verizon,183.52,debit,Mobile Phone,Silver Card
01/06/2019,Peet's Coffee,84.28,debit,Coffee Shops,Savings
01/08/2019,Thai Restaurant,56.79,debit,Restaurants,Silver Card
01/11/2019,Safeway,52.99,debit,Groceries,Silver Card
01/14/2019,Starbucks,136.88,debit,Coffee Shops,Checking
01/14/2019,Walmart,14.93,debit,Shopping,Savings
01/15/2019,Peet's Coffee,13.72,debit,Coffee Shops,Checking
01/17/2019,Direct Deposit,2378.16,credit,Paycheck,Savings
01/20/2019,Target,169.29,debit,Shopping,Silver Card
01/20/2019,Peet's Coffee,50.73,debit,Coffee Shops,Silver Card
01/23/2019,AMC Theaters,93.9,debit,Entertainment,Checking
01/24/2019,Peet's Coffee,192.63,debit,Coffee Shops,Checking
01/24/2019,Chevron,61.97,debit,Gas & Fuel,Platinum Card
01/25/2019,Thai Restaurant,47.31,debit,Restaurants,Savings
01/26/2019,Trader Joe's,146.81,debit,Groceries,Checking
01/29/2019,Safeway,109.15,debit,Groceries,Savings
02/01/2019,Local Bar,128.9,debit,Alcohol & Bars,Checking
02/04/2019,AT&T Internet,131.21,debit,Internet,Silver Card
02/04/2019,Thai Restaurant,16.04,debit,Restaurants,Savings
02/04/2019,Direct Deposit,2608.48,credit,Paycheck,Platinum Card
02/04/2019,Peet's Coffee,171.59,debit,Coffee Shops,Platinum Card
02/07/2019,Subway,46.97,debit,Fast Food,Platinum Card
02/08/2019,Barbershop,65.19,debit,Haircut,Platinum Card
02/11/2019,Whole Foods,35.08,debit,Groceries,Savings
02/14/2019,Italian Bistro,65.67,debit,Restaurants,Silver Card
02/17/2019,Chevron,63.34,debit,Gas & Fuel,Platinum Card
02/20/2019,Trader Joe's,147.68,debit,Groceries,Checking
02/20/2019,Sushi Bar,25.31,debit,Restaurants,Silver Card
02/20/2019,AT&T Internet,59.77,debit,Internet,Silver Card
02/21/2019,Electric Company,193.31,debit,Utilities,Silver Card
02/22/2019,Shell,59.17,debit,Gas & Fuel,Checking
02/24/2019,AMC Theaters,62.71,debit,Entertainment,Checking
02/24/2019,Home Depot,117.95,debit,Home Improvement,Savings
02/27/2019,Peet's Coffee,54.99,debit,Coffee Shops,Silver Card
02/27/2019,Water Company,153.51,debit,Utilities,Platinum Card
03/02/2019,Water Company,164.23,debit,Utilities,Checking
03/04/2019,Shell,87.14,debit,Gas & Fuel,Platinum Card
03/07/2019,Chipotle,71.09,debit,Fast Food,Platinum Card
03/09/2019,AMC Theaters,160.41,debit,Entertainment,Checking
03/10/2019,Local Bar,79.16,debit,Alcohol & Bars,Platinum Card
03/11/2019,Home Depot,23.7,debit,Home Improvement,Checking
03/14/2019,Safeway,85.91,debit,Groceries,Checking
03/17/2019,Local Bar,64.83,debit,Alcohol & Bars,Checking
03/19/2019,Walmart,25.44,debit,Shopping,Checking
03/19/2019,Safeway,135.51,debit,Groceries,Platinum Card
03/22/2019,Subway,66.84,debit,Fast Food,Checking
03/22/2019,State Farm,78.61,debit,Auto Insurance,Checking
03/24/2019,T-Mobile,16.32,debit,Mobile Phone,Platinum Card
03/26/2019,AT&T Internet,135.49,debit,Internet,Platinum Card
03/26/2019,Safeway,61.05,debit,Groceries,Savings
03/29/2019,Safeway,66.72,debit,Groceries,Platinum Card
03/29/2019,Local Bar,124.06,debit,Alcohol & Bars,Checking
03/31/2019,Subway,71.7,debit,Fast Food,Silver Card
04/02/2019,Verizon,194.34,debit,Mobile Phone,Checking
04/02/2019,AT&T Internet,84.56,debit,Internet,Platinum Card
04/05/2019,Walmart,167.86,debit,Shopping,Platinum Card
04/07/2019,Starbucks,39.1,debit,Coffee Shops,Checking
04/09/2019,Water Company,109.66,debit,Utilities,Platinum Card
04/12/2019,Spotify,142.63,debit,Music,Savings
04/15/2019,Trader Joe's,65.73,debit,Groceries,Checking
04/16/2019,Amazon Video,17.19,debit,Movies & DVDs,Silver Card
04/19/2019,Local Bar,96.77,debit,Alcohol & Bars,Checking
04/20/2019,Sushi Bar,45.99,debit,Restaurants,Savings
04/20/2019,Amazon,124.46,debit,Shopping,Silver Card
04/21/2019,Sushi Bar,50.2,debit,Restaurants,Silver Card
04/22/2019,Peet's Coffee,50.91,debit,Coffee Shops,Silver Card
04/25/2019,Walmart,174.92,debit,Shopping,Savings
04/25/2019,Chevron,60.8,debit,Gas & Fuel,Platinum Card
04/26/2019,Chevron,97.1,debit,Gas & Fuel,Savings
04/28/2019,State Farm,41.1,debit,Auto Insurance,Savings
04/29/2019,Chevron,89.74,debit,Gas & Fuel,Platinum Card
05/01/2019,Local Bar,147.26,debit,Alcohol & Bars,Platinum Card
05/04/2019,Netflix,120.53,debit,Entertainment,Silver Card
05/06/2019,Spotify,94.92,debit,Music,Savings
05/08/2019,AMC Theaters,83.47,debit,Entertainment,Savings
05/10/2019,Netflix,191.01,debit,Entertainment,Platinum Card
05/11/2019,Amazon,180.02,debit,Shopping,Checking
05/11/2019,Verizon,189.67,debit,Mobile Phone,Checking
05/14/2019,Italian Bistro,61.49,debit,Restaurants,Platinum Card
05/15/2019,Home Depot,98.36,debit,Home Improvement,Platinum Card
05/17/2019,BP,39.83,debit,Gas & Fuel,Checking
05/20/2019,Whole Foods,117.63,debit,Groceries,Savings
05/23/2019,T-Mobile,143.08,debit,Mobile Phone,Savings
05/24/2019,Home Depot,106.45,debit,Home Improvement,Savings
05/26/2019,Chipotle,27.19,debit,Fast Food,Platinum Card
05/29/2019,State Farm,83.05,debit,Auto Insurance,Platinum Card
05/30/2019,Starbucks,98.04,debit,Coffee Shops,Savings
05/30/2019,Netflix,173.44,debit,Entertainment,Silver Card
05/30/2019,Water Company,121.19,debit,Utilities,Silver Card
06/02/2019,Chipotle,32.42,debit,Fast Food,Platinum Card
06/02/2019,Comcast,15.2,debit,Internet,Silver Card
06/04/2019,Barbershop,7.55,debit,Haircut,Silver Card
06/07/2019,BP,50.87,debit,Gas & Fuel,Platinum Card
06/10/2019,Water Company,10.45,debit,Utilities,Platinum Card
06/10/2019,Comcast,163.4,debit,Internet,Savings
06/12/2019,Starbucks,112.36,debit,Coffee Shops,Savings
06/14/2019,Amazon,107.66,debit,Shopping,Savings
06/15/2019,AT&T Internet,191.38,debit,Internet,Platinum Card
06/15/2019,Safeway,116.74,debit,Groceries,Checking
06/18/2019,Local Bar,95.04,debit,Alcohol & Bars,Savings
06/20/2019,Peet's Coffee,21.77,debit,Coffee Shops,Checking
06/22/2019,BP,44.96,debit,Gas & Fuel,Checking
06/22/2019,Electric Company,181.26,debit,Utilities,Silver Card
06/22/2019,AMC Theaters,45.35,debit,Entertainment,Platinum Card
06/22/2019,Chipotle,71.63,debit,Fast Food,Savings
06/22/2019,BP,44.38,debit,Gas & Fuel,Silver Card
06/24/2019,Starbucks,40.95,debit,Coffee Shops,Silver Card
06/24/2019,AMC Theaters,198.84,debit,Entertainment,Platinum Card
06/24/2019,Payroll,1848.62,credit,Paycheck,Savings
06/27/2019,Amazon,84.48,debit,Shopping,Savings
06/29/2019,AMC Theaters,22.07,debit,Entertainment,Checking
07/01/2019,Verizon,75.0,debit,Mobile Phone,Checking
07/02/2019,Chipotle,31.72,debit,Fast Food,Silver Card
07/05/2019,Walmart,188.09,debit,Shopping,Checking
07/07/2019,State Farm,103.3,debit,Auto Insurance,Platinum Card
07/08/2019,Comcast,192.68,debit,Internet,Checking
07/10/2019,Thai Restaurant,33.43,debit,Restaurants,Checking
07/13/2019,Peet's Coffee,45.96,debit,Coffee Shops,Silver Card
07/15/2019,BP,32.11,debit,Gas & Fuel,Platinum Card
07/15/2019,McDonald's,76.9,debit,Fast Food,Checking
07/15/2019,Electric Company,15.94,debit,Utilities,Checking
07/18/2019,Whole Foods,146.41,debit,Groceries,Savings
07/18/2019,Thai Restaurant,35.49,debit,Restaurants,Savings
07/20/2019,Chevron,51.13,debit,Gas & Fuel,Platinum Card
07/20/2019,Peet's Coffee,177.82,debit,Coffee Shops,Checking
07/21/2019,AT&T Internet,138.03,debit,Internet,Silver Card
07/21/2019,Electric Company,187.85,debit,Utilities,Silver Card
07/22/2019,Chipotle,70.09,debit,Fast Food,Silver Card
07/23/2019,Electric Company,27.63,debit,Utilities,Checking
07/26/2019,Chevron,83.48,debit,Gas & Fuel,Silver Card
07/29/2019,BP,67.33,debit,Gas & Fuel,Silver Card
07/30/2019,Italian Bistro,30.19,debit,Restaurants,Silver Card
08/01/2019,Peet's Coffee,66.2,debit,Coffee Shops,Silver Card
08/02/2019,Italian Bistro,46.8,debit,Restaurants,Savings
08/04/2019,Netflix,39.5,debit,Entertainment,Silver Card
08/05/2019,Electric Company,51.92,debit,Utilities,Savings
08/08/2019,Spotify,20.77,debit,Music,Silver Card
08/09/2019,McDonald's,72.09,debit,Fast Food,Silver Card
08/12/2019,Whole Foods,88.79,debit,Groceries,Silver Card
08/15/2019,Water Company,13.14,debit,Utilities,Silver Card
08/17/2019,Walmart,153.77,debit,Shopping,Checking
08/17/2019,Subway,50.12,debit,Fast Food,Savings
08/19/2019,AT&T Internet,121.99,debit,Internet,Checking
08/20/2019,BP,52.91,debit,Gas & Fuel,Platinum Card
08/20/2019,State Farm,38.89,debit,Auto Insurance,Checking
08/23/2019,Shell,77.91,debit,Gas & Fuel,Silver Card
08/24/2019,Home Depot,105.09,debit,Home Improvement,Checking
08/24/2019,Water Company,75.43,debit,Utilities,Checking
08/24/2019,Verizon,157.09,debit,Mobile Phone,Platinum Card
08/26/2019,Chipotle,68.24,debit,Fast Food,Silver Card
08/29/2019,BP,83.15,debit,Gas & Fuel,Savings
08/31/2019,Verizon,29.5,debit,Mobile Phone,Silver Card
08/31/2019,Peet's Coffee,196.48,debit,Coffee Shops,Savings
08/31/2019,Local Bar,99.31,debit,Alcohol & Bars,Checking
08/31/2019,Netflix,35.01,debit,Movies & DVDs,Savings
09/01/2019,Subway,32.67,debit,Fast Food,Checking
09/03/2019,McDonald's,19.65,debit,Fast Food,Checking
09/04/2019,Sushi Bar,37.97,debit,Restaurants,Platinum Card
09/06/2019,Walmart,117.57,debit,Shopping,Savings
09/09/2019,AMC Theaters,141.17,debit,Entertainment,Silver Card
09/12/2019,State Farm,39.74,debit,Auto Insurance,Savings
09/15/2019,Amazon,104.7,debit,Shopping,Checking
09/18/2019,Electric Company,169.14,debit,Utilities,Platinum Card
09/18/2019,Walmart,8.53,debit,Shopping,Checking
09/20/2019,Chevron,36.16,debit,Gas & Fuel,Silver Card
09/21/2019,Trader Joe's,121.56,debit,Groceries,Checking
09/24/2019,Starbucks,170.84,debit,Coffee Shops,Checking
09/24/2019,Thai Restaurant,31.13,debit,Restaurants,Silver Card
09/27/2019,Safeway,36.65,debit,Groceries,Checking
09/29/2019,Netflix,18.98,debit,Entertainment,Silver Card
09/30/2019,Payroll,2343.44,credit,Paycheck,Platinum Card
10/03/2019,Home Depot,81.71,debit,Home Improvement,Silver Card
10/03/2019,AMC Theaters,35.44,debit,Entertainment,Savings
10/04/2019,Verizon,58.65,debit,Mobile Phone,Platinum Card
10/04/2019,Safeway,51.36,debit,Groceries,Savings
10/04/2019,Trader Joe's,92.85,debit,Groceries,Checking
10/04/2019,Chevron,23.73,debit,Gas & Fuel,Savings
10/05/2019,Walmart,143.99,debit,Shopping,Savings
10/07/2019,Safeway,100.64,debit,Groceries,Platinum Card
10/10/2019,Target,108.93,debit,Shopping,Savings
10/13/2019,McDonald's,9.22,debit,Fast Food,Savings
10/16/2019,Safeway,42.77,debit,Groceries,Savings
10/16/2019,Italian Bistro,25.94,debit,Restaurants,Savings
10/19/2019,Netflix,59.97,debit,Entertainment,Checking
10/20/2019,T-Mobile,176.15,debit,Mobile Phone,Silver Card
10/22/2019,AT&T Internet,31.55,debit,Internet,Savings
10/24/2019,Shell,59.87,debit,Gas & Fuel,Checking
10/26/2019,Electric Company,71.94,debit,Utilities,Checking
10/27/2019,BP,83.42,debit,Gas & Fuel,Platinum Card
10/30/2019,Water Company,85.21,debit,Utilities,Platinum Card
10/30/2019,Whole Foods,55.83,debit,Groceries,Silver Card
10/31/2019,Target,136.34,debit,Shopping,Checking
11/03/2019,Amazon,187.77,debit,Shopping,Platinum Card
11/04/2019,Netflix,20.06,debit,Entertainment,Savings
11/05/2019,Thai Restaurant,29.98,debit,Restaurants,Checking
11/06/2019,Safeway,126.98,debit,Groceries,Platinum Card
11/09/2019,AMC Theaters,47.22,debit,Entertainment,Savings
11/10/2019,AMC Theaters,171.08,debit,Entertainment,Platinum Card
11/10/2019,Target,142.99,debit,Shopping,Savings
11/12/2019,Sushi Bar,8.86,debit,Restaurants,Silver Card
11/14/2019,Sushi Bar,31.14,debit,Restaurants,Silver Card
11/17/2019,AMC Theaters,98.41,debit,Entertainment,Silver Card
11/20/2019,Peet's Coffee,13.01,debit,Coffee Shops,Silver Card
11/21/2019,Thai Restaurant,53.61,debit,Restaurants,Silver Card
11/21/2019,Netflix,40.97,debit,Entertainment,Savings
11/21/2019,Safeway,43.97,debit,Groceries,Savings
11/21/2019,Trader Joe's,108.38,debit,Groceries,Silver Card
11/21/2019,Safeway,16.85,debit,Groceries,Silver Card
11/23/2019,Local Bar,156.3,debit,Alcohol & Bars,Silver Card
11/23/2019,Chipotle,29.21,debit,Fast Food,Silver Card
11/26/2019,Netflix,171.27,debit,Entertainment,Silver Card
11/27/2019,Sushi Bar,16.34,debit,Restaurants,Platinum Card
11/28/2019,Chevron,36.91,debit,Gas & Fuel,Platinum Card
12/01/2019,McDonald's,52.71,debit,Fast Food,Savings
12/02/2019,AMC Theaters,148.86,debit,Entertainment,Savings
12/04/2019,Safeway,129.73,debit,Groceries,Checking
12/06/2019,Home Depot,86.81,debit,Home Improvement,Checking
12/06/2019,Netflix,37.83,debit,Entertainment,Checking
12/07/2019,BP,21.64,debit,Gas & Fuel,Checking
12/10/2019,McDonald's,41.86,debit,Fast Food,Silver Card
12/10/2019,Safeway,84.32,debit,Groceries,Checking
12/11/2019,Comcast,123.77,debit,Internet,Savings
12/11/2019,Trader Joe's,18.39,debit,Groceries,Savings
12/12/2019,Electric Company,193.13,debit,Utilities,Silver Card
12/12/2019,Comcast,54.04,debit,Internet,Savings
12/12/2019,Walmart,161.24,debit,Shopping,Silver Card
12/12/2019,Home Depot,194.99,debit,Home Improvement,Savings
12/14/2019,Comcast,167.85,debit,Internet,Silver Card
12/16/2019,Amazon,118.73,debit,Shopping,Checking
12/16/2019,Whole Foods,54.5,debit,Groceries,Silver Card
12/16/2019,Trader Joe's,11.2,debit,Groceries,Savings
12/16/2019,Italian Bistro,72.18,debit,Restaurants,Savings
12/17/2019,Verizon,109.45,debit,Mobile Phone,Platinum Card
12/20/2019,Water Company,160.5,debit,Utilities,Savings
12/21/2019,Thai Restaurant,26.27,debit,Restaurants,Platinum Card
12/23/2019,Chevron,58.72,debit,Gas & Fuel,Silver Card
12/24/2019,Payroll,1842.17,credit,Paycheck,Savings
12/26/2019,AMC Theaters,169.69,debit,Entertainment,Checking
12/28/2019,Italian Bistro,44.66,debit,Restaurants,Platinum Card
12/29/2019,AMC Theaters,158.36,debit,Entertainment,Platinum Card
01/01/2020,Netflix,151.8,debit,Movies & DVDs,Savings
01/01/2020,Chevron,82.47,debit,Gas & Fuel,Platinum Card
01/04/2020,AMC Theaters,54.59,debit,Entertainment,Silver Card
01/06/2020,Safeway,23.79,debit,Groceries,Checking
01/06/2020,Amazon,111.56,debit,Shopping,Checking
01/06/2020,Netflix,39.18,debit,Entertainment,Silver Card
01/07/2020,Italian Bistro,64.92,debit,Restaurants,Silver Card
01/10/2020,Barbershop,81.29,debit,Haircut,Checking
01/10/2020,Starbucks,134.77,debit,Coffee Shops,Platinum Card
01/13/2020,Chipotle,32.54,debit,Fast Food,Checking
01/15/2020,Thai Restaurant,38.09,debit,Restaurants,Silver Card
01/17/2020,Whole Foods,109.59,debit,Groceries,Checking
01/18/2020,Amazon,198.73,debit,Shopping,Checking
01/20/2020,Trader Joe's,96.12,debit,Groceries,Savings
01/23/2020,BP,80.39,debit,Gas & Fuel,Checking
01/26/2020,Electric Company,16.27,debit,Utilities,Silver Card
01/26/2020,Verizon,90.54,debit,Mobile Phone,Platinum Card
01/28/2020,Shell,66.82,debit,Gas & Fuel,Checking
01/28/2020,Peet's Coffee,28.56,debit,Coffee Shops,Checking
01/28/2020,Verizon,188.09,debit,Mobile Phone,Silver Card
01/31/2020,Local Bar,76.72,debit,Alcohol & Bars,Savings
02/02/2020,T-Mobile,71.05,debit,Mobile Phone,Silver Card
02/02/2020,Home Depot,191.43,debit,Home Improvement,Checking
02/05/2020,Target,151.33,debit,Shopping,Checking
02/05/2020,Peet's Coffee,182.65,debit,Coffee Shops,Silver Card
02/07/2020,AMC Theaters,17.05,debit,Entertainment,Savings
02/09/2020,AMC Theaters,41.48,debit,Entertainment,Platinum Card
02/09/2020,Water Company,161.41,debit,Utilities,Silver Card
02/09/2020,Direct Deposit,2463.81,credit,Paycheck,Checking
02/09/2020,Thai Restaurant,50.09,debit,Restaurants,Checking
02/12/2020,Chipotle,54.87,debit,Fast Food,Platinum Card
02/12/2020,Italian Bistro,60.18,debit,Restaurants,Checking
02/14/2020,Payroll,2254.56,credit,Paycheck,Checking
02/14/2020,Sushi Bar,59.69,debit,Restaurants,Platinum Card
02/14/2020,Trader Joe's,53.08,debit,Groceries,Platinum Card
02/15/2020,Spotify,77.85,debit,Music,Platinum Card
02/16/2020,Spotify,129.07,debit,Music,Silver Card
02/16/2020,Starbucks,176.9,debit,Coffee Shops,Savings
02/16/2020,Payroll,1898.12,credit,Paycheck,Silver Card
02/17/2020,Trader Joe's,31.63,debit,Groceries,Silver Card
02/20/2020,Safeway,125.51,debit,Groceries,Checking
02/20/2020,Verizon,138.71,debit,Mobile Phone,Savings
02/21/2020,Amazon Video,57.6,debit,Movies & DVDs,Checking
02/23/2020,Thai Restaurant,75.15,debit,Restaurants,Checking
02/25/2020,Italian Bistro,62.5,debit,Restaurants,Silver Card
02/28/2020,Netflix,104.15,debit,Entertainment,Checking
03/02/2020,Whole Foods,55.05,debit,Groceries,Platinum Card
03/02/2020,Chevron,75.29,debit,Gas & Fuel,Checking
03/02/2020,Local Bar,40.73,debit,Alcohol & Bars,Checking
03/03/2020,Netflix,49.94,debit,Movies & DVDs,Platinum Card
03/06/2020,Water Company,154.8,debit,Utilities,Checking
03/06/2020,State Farm,102.68,debit,Auto Insurance,Savings
03/07/2020,Whole Foods,101.08,debit,Groceries,Checking
03/08/2020,Netflix,171.62,debit,Entertainment,Savings
03/10/2020,Amazon Video,23.79,debit,Movies & DVDs,Savings
03/10/2020,Starbucks,134.68,debit,Coffee Shops,Checking
03/12/2020,Subway,77.58,debit,Fast Food,Silver Card
03/12/2020,State Farm,138.05,debit,Auto Insurance,Savings
03/12/2020,Barbershop,28.64,debit,Haircut,Silver Card
03/13/2020,Starbucks,82.23,debit,Coffee Shops,Platinum Card
03/15/2020,Spotify,32.39,debit,Music,Platinum Card
03/18/2020,Walmart,40.54,debit,Shopping,Platinum Card
03/19/2020,McDonald's,64.07,debit,Fast Food,Silver Card
03/19/2020,AT&T Internet,31.49,debit,Internet,Checking
03/21/2020,Payroll,2908.92,credit,Paycheck,Silver Card
03/21/2020,Local Bar,137.05,debit,Alcohol & Bars,Silver Card
03/21/2020,Walmart,16.91,debit,Shopping,Checking
03/22/2020,Direct Deposit,2772.31,credit,Paycheck,Savings
03/22/2020,McDonald's,49.19,debit,Fast Food,Platinum Card
03/22/2020,Walmart,36.84,debit,Shopping,Silver Card
03/24/2020,Spotify,185.36,debit,Music,Silver Card
03/26/2020,Whole Foods,115.79,debit,Groceries,Platinum Card
03/29/2020,State Farm,196.37,debit,Auto Insurance,Silver Card
04/01/2020,Comcast,114.98,debit,Internet,Silver Card
04/03/2020,Netflix,31.63,debit,Entertainment,Savings
04/03/2020,Electric Company,29.05,debit,Utilities,Platinum Card
04/04/2020,Netflix,79.87,debit,Entertainment,Checking
04/04/2020,Electric Company,43.64,debit,Utilities,Platinum Card
04/04/2020,Local Bar,115.88,debit,Alcohol & Bars,Checking
04/06/2020,State Farm,163.18,debit,Auto Insurance,Savings
04/07/2020,Safeway,64.18,debit,Groceries,Silver Card
04/10/2020,Payroll,2805.0,credit,Paycheck,Silver Card
04/13/2020,Chipotle,37.12,debit,Fast Food,Savings
04/15/2020,State Farm,95.78,debit,Auto Insurance,Checking
04/15/2020,Water Company,196.64,debit,Utilities,Silver Card
04/16/2020,Water Company,196.97,debit,Utilities,Savings
04/18/2020,Peet's Coffee,109.56,debit,Coffee Shops,Platinum Card
04/18/2020,T-Mobile,37.44,debit,Mobile Phone,Checking
04/21/2020,Thai Restaurant,60.38,debit,Restaurants,Savings
04/22/2020,Home Depot,123.16,debit,Home Improvement,Checking
04/23/2020,T-Mobile,127.4,debit,Mobile Phone,Silver Card
04/24/2020,Italian Bistro,67.49,debit,Restaurants,Checking
04/24/2020,Safeway,73.14,debit,Groceries,Checking
04/27/2020,Comcast,59.09,debit,Internet,Checking
04/30/2020,McDonald's,79.42,debit,Fast Food,Platinum Card
05/01/2020,Verizon,82.21,debit,Mobile Phone,Silver Card
05/04/2020,Whole Foods,22.4,debit,Groceries,Platinum Card
05/05/2020,Trader Joe's,74.87,debit,Groceries,Silver Card
05/08/2020,Starbucks,93.32,debit,Coffee Shops,Silver Card
05/11/2020,T-Mobile,89.37,debit,Mobile Phone,Silver Card
05/13/2020,Electric Company,115.78,debit,Utilities,Checking
05/13/2020,Italian Bistro,18.2,debit,Restaurants,Savings
05/14/2020,Trader Joe's,108.04,debit,Groceries,Checking
05/15/2020,Home Depot,30.7,debit,Home Improvement,Platinum Card
05/16/2020,T-Mobile,7.75,debit,Mobile Phone,Savings
05/18/2020,Barbershop,33.84,debit,Haircut,Checking
05/20/2020,Italian Bistro,60.66,debit,Restaurants,Checking
05/22/2020,Target,150.98,debit,Shopping,Silver Card
05/23/2020,Local Bar,183.86,debit,Alcohol & Bars,Savings
05/24/2020,Direct Deposit,2786.32,credit,Paycheck,Checking
05/27/2020,Amazon Video,130.39,debit,Movies & DVDs,Checking
05/27/2020,Trader Joe's,42.1,debit,Groceries,Silver Card
05/29/2020,Electric Company,90.19,debit,Utilities,Savings
05/30/2020,State Farm,47.11,debit,Auto Insurance,Silver Card
05/30/2020,Peet's Coffee,57.04,debit,Coffee Shops,Checking
06/01/2020,Direct Deposit,2229.13,credit,Paycheck,Platinum Card
06/01/2020,AMC Theaters,75.29,debit,Entertainment,Savings
06/03/2020,T-Mobile,48.58,debit,Mobile Phone,Silver Card
06/04/2020,Thai Restaurant,28.74,debit,Restaurants,Savings
06/05/2020,Sushi Bar,74.66,debit,Restaurants,Platinum Card
06/07/2020,Safeway,131.26,debit,Groceries,Platinum Card
06/09/2020,Payroll,2343.64,credit,Paycheck,Silver Card
06/09/2020,Home Depot,117.13,debit,Home Improvement,Platinum Card
06/12/2020,State Farm,198.95,debit,Auto Insurance,Platinum Card
06/12/2020,Local Bar,168.32,debit,Alcohol & Bars,Platinum Card
06/13/2020,Comcast,77.9,debit,Internet,Savings
06/15/2020,Shell,46.64,debit,Gas & Fuel,Silver Card
06/16/2020,Thai Restaurant,47.31,debit,Restaurants,Platinum Card
06/19/2020,Payroll,2082.09,credit,Paycheck,Silver Card
06/22/2020,Shell,73.55,debit,Gas & Fuel,Savings
06/24/2020,Barbershop,101.04,debit,Haircut,Checking
06/27/2020,Home Depot,164.35,debit,Home Improvement,Platinum Card
06/28/2020,BP,20.67,debit,Gas & Fuel,Platinum Card
06/29/2020,State Farm,15.38,debit,Auto Insurance,Platinum Card
06/29/2020,Thai Restaurant,56.42,debit,Restaurants,Silver Card
06/29/2020,Netflix,86.99,debit,Movies & DVDs,Silver Card
06/29/2020,Water Company,162.99,debit,Utilities,Checking
07/01/2020,Whole Foods,109.24,debit,Groceries,Platinum Card
07/04/2020,Sushi Bar,49.05,debit,Restaurants,Platinum Card
07/07/2020,T-Mobile,70.85,debit,Mobile Phone,Checking
07/09/2020,Safeway,17.64,debit,Groceries,Silver Card
07/09/2020,Shell,23.07,debit,Gas & Fuel,Checking
07/09/2020,Subway,56.04,debit,Fast Food,Savings
07/12/2020,Barbershop,123.29,debit,Haircut,Silver Card
07/15/2020,Chipotle,51.76,debit,Fast Food,Savings
07/16/2020,Starbucks,96.58,debit,Coffee Shops,Platinum Card
07/17/2020,Shell,34.4,debit,Gas & Fuel,Savings
07/19/2020,Trader Joe's,115.54,debit,Groceries,Savings
07/22/2020,Italian Bistro,63.57,debit,Restaurants,Checking
07/22/2020,AMC Theaters,17.56,debit,Entertainment,Silver Card
07/25/2020,Sushi Bar,47.85,debit,Restaurants,Platinum Card
07/26/2020,Home Depot,57.83,debit,Home Improvement,Savings
07/29/2020,Whole Foods,43.07,debit,Groceries,Platinum Card
07/31/2020,Safeway,100.62,debit,Groceries,Checking
07/31/2020,Sushi Bar,68.32,debit,Restaurants,Silver Card
07/31/2020,Amazon,81.39,debit,Shopping,Silver Card
08/03/2020,Italian Bistro,62.77,debit,Restaurants,Platinum Card
08/05/2020,AT&T Internet,114.31,debit,Internet,Silver Card
08/05/2020,Safeway,104.12,debit,Groceries,Platinum Card
08/06/2020,Thai Restaurant,61.18,debit,Restaurants,Platinum Card
08/06/2020,Safeway,97.13,debit,Groceries,Checking
08/06/2020,Target,88.11,debit,Shopping,Checking
08/07/2020,Comcast,64.05,debit,Internet,Checking
08/10/2020,Home Depot,48.57,debit,Home Improvement,Savings
08/12/2020,Water Company,147.74,debit,Utilities,Silver Card
08/14/2020,AT&T Internet,199.5,debit,Internet,Silver Card
08/16/2020,Home Depot,167.55,debit,Home Improvement,Platinum Card
08/18/2020,Peet's Coffee,142.98,debit,Coffee Shops,Savings
08/20/2020,AT&T Internet,111.1,debit,Internet,Platinum Card
08/20/2020,Chevron,66.45,debit,Gas & Fuel,Silver Card
08/22/2020,Safeway,102.35,debit,Groceries,Savings
08/23/2020,Trader Joe's,122.12,debit,Groceries,Savings
08/23/2020,Shell,27.91,debit,Gas & Fuel,Platinum Card
08/26/2020,Netflix,109.4,debit,Entertainment,Platinum Card
08/28/2020,Whole Foods,83.41,debit,Groceries,Silver Card
08/28/2020,Shell,78.61,debit,Gas & Fuel,Platinum Card
08/31/2020,Payroll,2473.94,credit,Paycheck,Savings
08/31/2020,McDonald's,52.11,debit,Fast Food,Checking
08/31/2020,AMC Theaters,11.6,debit,Entertainment,Silver Card
09/03/2020,Trader Joe's,97.81,debit,Groceries,Platinum Card
09/05/2020,Starbucks,102.97,debit,Coffee Shops,Savings
09/06/2020,Shell,84.5,debit,Gas & Fuel,Silver Card
09/07/2020,Electric Company,194.34,debit,Utilities,Platinum Card
09/08/2020,Chevron,87.75,debit,Gas & Fuel,Savings
09/10/2020,Chevron,47.98,debit,Gas & Fuel,Platinum Card
09/13/2020,Target,35.89,debit,Shopping,Checking
09/14/2020,Trader Joe's,88.32,debit,Groceries,Silver Card
09/16/2020,Starbucks,192.48,debit,Coffee Shops,Platinum Card
09/18/2020,Walmart,165.77,debit,Shopping,Platinum Card
09/18/2020,Home Depot,75.63,debit,Home Improvement,Platinum Card
09/18/2020,Electric Company,179.81,debit,Utilities,Platinum Card
09/19/2020,AMC Theaters,94.34,debit,Entertainment,Silver Card
09/20/2020,Comcast,50.94,debit,Internet,Platinum Card
09/20/2020,AMC Theaters,86.61,debit,Entertainment,Savings
09/20/2020,Netflix,197.64,debit,Entertainment,Checking
09/22/2020,T-Mobile,90.7,debit,Mobile Phone,Savings
09/25/2020,Water Company,199.22,debit,Utilities,Checking
09/27/2020,Peet's Coffee,133.98,debit,Coffee Shops,Platinum Card
09/27/2020,Chevron,31.18,debit,Gas & Fuel,Checking
09/28/2020,Local Bar,57.78,debit,Alcohol & Bars,Savings
09/29/2020,Target,60.23,debit,Shopping,Silver Card
09/30/2020,Italian Bistro,75.19,debit,Restaurants,Platinum Card
10/02/2020,AT&T Internet,140.35,debit,Internet,Savings
10/02/2020,Water Company,76.36,debit,Utilities,Platinum Card
10/05/2020,Verizon,65.79,debit,Mobile Phone,Silver Card
10/08/2020,Chipotle,46.86,debit,Fast Food,Savings
10/09/2020,Sushi Bar,5.26,debit,Restaurants,Silver Card
10/12/2020,Peet's Coffee,155.69,debit,Coffee Shops,Checking
10/15/2020,Direct Deposit,2106.26,credit,Paycheck,Checking
10/18/2020,Netflix,101.25,debit,Entertainment,Platinum Card
10/19/2020,Peet's Coffee,141.14,debit,Coffee Shops,Checking
10/19/2020,T-Mobile,151.15,debit,Mobile Phone,Savings
10/19/2020,Chipotle,77.98,debit,Fast Food,Savings
10/20/2020,Thai Restaurant,17.36,debit,Restaurants,Checking
10/20/2020,Direct Deposit,2508.78,credit,Paycheck,Silver Card
10/20/2020,Thai Restaurant,28.83,debit,Restaurants,Platinum Card
10/20/2020,Sushi Bar,55.85,debit,Restaurants,Platinum Card
10/20/2020,AMC Theaters,137.75,debit,Entertainment,Checking
10/23/2020,AMC Theaters,20.34,debit,Entertainment,Savings
10/26/2020,Netflix,81.01,debit,Entertainment,Silver Card
10/28/2020,Starbucks,49.08,debit,Coffee Shops,Checking
10/28/2020,Starbucks,49.68,debit,Coffee Shops,Checking
10/31/2020,Comcast,140.08,debit,Internet,Checking
11/02/2020,Verizon,66.8,debit,Mobile Phone,Checking
11/02/2020,Starbucks,115.17,debit,Coffee Shops,Savings
11/05/2020,Thai Restaurant,66.61,debit,Restaurants,Silver Card
11/08/2020,Sushi Bar,41.46,debit,Restaurants,Checking
11/08/2020,Italian Bistro,5.32,debit,Restaurants,Platinum Card
11/10/2020,Peet's Coffee,49.56,debit,Coffee Shops,Savings
11/11/2020,Walmart,193.95,debit,Shopping,Checking
11/13/2020,Shell,46.17,debit,Gas & Fuel,Silver Card
11/16/2020,Safeway,13.41,debit,Groceries,Checking
11/16/2020,Peet's Coffee,6.78,debit,Coffee Shops,Checking
11/18/2020,Trader Joe's,77.23,debit,Groceries,Savings
11/21/2020,AT&T Internet,73.97,debit,Internet,Platinum Card
11/22/2020,Target,183.95,debit,Shopping,Checking
11/25/2020,Netflix,122.56,debit,Entertainment,Savings
11/25/2020,Chipotle,28.74,debit,Fast Food,Silver Card
11/28/2020,Water Company,13.73,debit,Utilities,Silver Card
12/01/2020,BP,92.84,debit,Gas & Fuel,Platinum Card
12/02/2020,Whole Foods,131.76,debit,Groceries,Silver Card
12/05/2020,Netflix,160.66,debit,Movies & DVDs,Silver Card
12/05/2020,Thai Restaurant,54.08,debit,Restaurants,Silver Card
12/07/2020,Netflix,92.8,debit,Entertainment,Savings
12/10/2020,BP,78.23,debit,Gas & Fuel,Platinum Card
12/12/2020,Water Company,25.25,debit,Utilities,Silver Card
12/15/2020,Amazon,149.27,debit,Shopping,Silver Card
12/15/2020,Starbucks,127.07,debit,Coffee Shops,Checking
12/18/2020,Amazon,173.13,debit,Shopping,Silver Card
12/20/2020,Starbucks,6.03,debit,Coffee Shops,Platinum Card
12/22/2020,Local Bar,122.93,debit,Alcohol & Bars,Checking
12/22/2020,Sushi Bar,18.16,debit,Restaurants,Checking
12/24/2020,Chevron,59.55,debit,Gas & Fuel,Savings
12/26/2020,Comcast,30.54,debit,Internet,Silver Card
12/29/2020,Spotify,156.92,debit,Music,Savings
12/29/2020,Chipotle,9.77,debit,Fast Food,Savings
01/01/2021,Electric Company,90.17,debit,Utilities,Platinum Card
01/04/2021,Spotify,24.32,debit,Music,Checking
01/04/2021,Netflix,172.53,debit,Entertainment,Platinum Card
01/04/2021,T-Mobile,170.65,debit,Mobile Phone,Platinum Card
01/06/2021,Amazon,70.18,debit,Shopping,Checking
01/07/2021,Direct Deposit,2508.42,credit,Paycheck,Silver Card
01/10/2021,Trader Joe's,19.82,debit,Groceries,Savings
01/12/2021,Peet's Coffee,55.25,debit,Coffee Shops,Savings
01/15/2021,Safeway,130.84,debit,Groceries,Platinum Card
01/18/2021,Chevron,63.58,debit,Gas & Fuel,Platinum Card
01/21/2021,Home Depot,140.07,debit,Home Improvement,Platinum Card
01/21/2021,State Farm,126.34,debit,Auto Insurance,Platinum Card
01/24/2021,AMC Theaters,88.68,debit,Entertainment,Platinum Card
01/24/2021,Chipotle,29.99,debit,Fast Food,Silver Card
01/25/2021,Chipotle,71.73,debit,Fast Food,Checking
01/28/2021,Netflix,144.6,debit,Movies & DVDs,Savings
01/31/2021,Starbucks,134.99,debit,Coffee Shops,Checking
02/01/2021,Sushi Bar,68.86,debit,Restaurants,Platinum Card
02/02/2021,Home Depot,160.55,debit,Home Improvement,Platinum Card
02/04/2021,T-Mobile,75.8,debit,Mobile Phone,Platinum Card
02/07/2021,T-Mobile,160.16,debit,Mobile Phone,Silver Card
02/07/2021,Sushi Bar,67.12,debit,Restaurants,Checking
02/10/2021,Italian Bistro,8.62,debit,Restaurants,Platinum Card
02/11/2021,Home Depot,127.8,debit,Home Improvement,Silver Card
02/14/2021,Italian Bistro,37.9,debit,Restaurants,Silver Card
02/14/2021,Trader Joe's,102.97,debit,Groceries,Checking
02/16/2021,Target,24.76,debit,Shopping,Savings
02/18/2021,BP,67.69,debit,Gas & Fuel,Checking
02/21/2021,Shell,49.48,debit,Gas & Fuel,Platinum Card
02/24/2021,Whole Foods,28.86,debit,Groceries,Platinum Card
02/24/2021,T-Mobile,71.48,debit,Mobile Phone,Checking
02/27/2021,Walmart,59.8,debit,Shopping,Checking
03/02/2021,AMC Theaters,179.57,debit,Entertainment,Checking
03/03/2021,Target,89.59,debit,Shopping,Platinum Card
03/06/2021,BP,68.87,debit,Gas & Fuel,Platinum Card
03/09/2021,Whole Foods,74.74,debit,Groceries,Platinum Card
03/10/2021,Starbucks,113.74,debit,Coffee Shops,Savings
03/11/2021,Electric Company,39.81,debit,Utilities,Silver Card
03/14/2021,Sushi Bar,56.82,debit,Restaurants,Checking
03/17/2021,Starbucks,67.48,debit,Coffee Shops,Checking
03/19/2021,Barbershop,61.2,debit,Haircut,Platinum Card
03/21/2021,Direct Deposit,2622.97,credit,Paycheck,Checking
03/22/2021,Whole Foods,128.52,debit,Groceries,Platinum Card
03/24/2021,Safeway,100.9,debit,Groceries,Platinum Card
03/24/2021,Sushi Bar,52.46,debit,Restaurants,Checking
03/25/2021,Netflix,183.22,debit,Entertainment,Platinum Card
03/27/2021,Amazon Video,186.05,debit,Movies & DVDs,Checking
03/28/2021,Amazon,196.3,debit,Shopping,Checking
03/28/2021,Starbucks,157.76,debit,Coffee Shops,Silver Card
03/28/2021,Walmart,196.65,debit,Shopping,Checking
03/30/2021,Italian Bistro,29.35,debit,Restaurants,Checking
03/30/2021,Thai Restaurant,9.49,debit,Restaurants,Savings
04/02/2021,Local Bar,168.74,debit,Alcohol & Bars,Savings
04/02/2021,Water Company,165.08,debit,Utilities,Savings
04/02/2021,Whole Foods,56.35,debit,Groceries,Checking
04/03/2021,Peet's Coffee,15.2,debit,Coffee Shops,Silver Card
04/04/2021,Safeway,88.78,debit,Groceries,Silver Card
04/06/2021,Payroll,2276.82,credit,Paycheck,Silver Card
04/08/2021,Water Company,111.32,debit,Utilities,Platinum Card
04/10/2021,Local Bar,79.61,debit,Alcohol & Bars,Silver Card
04/13/2021,AT&T Internet,125.39,debit,Internet,Platinum Card
04/16/2021,Chipotle,25.31,debit,Fast Food,Savings
04/19/2021,Chevron,29.08,debit,Gas & Fuel,Checking
04/19/2021,Home Depot,26.43,debit,Home Improvement,Checking
04/22/2021,Trader Joe's,119.73,debit,Groceries,Silver Card
04/22/2021,Peet's Coffee,188.54,debit,Coffee Shops,Savings
04/22/2021,Payroll,2222.84,credit,Paycheck,Platinum Card
04/23/2021,Spotify,87.74,debit,Music,Silver Card
04/25/2021,Water Company,163.39,debit,Utilities,Savings
04/28/2021,Walmart,118.8,debit,Shopping,Checking
04/28/2021,Comcast,12.72,debit,Internet,Platinum Card
04/28/2021,Safeway,78.23,debit,Groceries,Savings
04/29/2021,Subway,71.33,debit,Fast Food,Savings
04/29/2021,Trader Joe's,58.31,debit,Groceries,Platinum Card
05/02/2021,Local Bar,129.26,debit,Alcohol & Bars,Checking
05/05/2021,Starbucks,89.2,debit,Coffee Shops,Checking
05/05/2021,Direct Deposit,1800.29,credit,Paycheck,Savings
05/07/2021,Target,107.28,debit,Shopping,Platinum Card
05/07/2021,Comcast,10.56,debit,Internet,Savings
05/10/2021,Safeway,79.24,debit,Groceries,Checking
05/11/2021,Electric Company,8.38,debit,Utilities,Checking
05/12/2021,Safeway,46.21,debit,Groceries,Platinum Card
05/13/2021,State Farm,153.96,debit,Auto Insurance,Savings
05/16/2021,Sushi Bar,53.32,debit,Restaurants,Savings
05/16/2021,Thai Restaurant,77.88,debit,Restaurants,Savings
05/18/2021,Chipotle,17.29,debit,Fast Food,Platinum Card
05/19/2021,Peet's Coffee,150.37,debit,Coffee Shops,Savings
05/22/2021,Sushi Bar,15.5,debit,Restaurants,Savings
05/24/2021,Amazon,54.77,debit,Shopping,Checking
05/25/2021,Thai Restaurant,5.24,debit,Restaurants,Savings
05/25/2021,Safeway,92.16,debit,Groceries,Platinum Card
05/25/2021,Electric Company,81.73,debit,Utilities,Silver Card
05/28/2021,Chipotle,72.43,debit,Fast Food,Checking
05/28/2021,T-Mobile,6.11,debit,Mobile Phone,Silver Card
05/30/2021,Subway,65.23,debit,Fast Food,Platinum Card
06/01/2021,AMC Theaters,129.19,debit,Entertainment,Savings
06/02/2021,McDonald's,33.12,debit,Fast Food,Silver Card
06/05/2021,T-Mobile,30.18,debit,Mobile Phone,Platinum Card
06/05/2021,Water Company,144.45,debit,Utilities,Savings
06/07/2021,Thai Restaurant,32.64,debit,Restaurants,Silver Card
06/07/2021,Sushi Bar,48.13,debit,Restaurants,Platinum Card
06/08/2021,Safeway,60.52,debit,Groceries,Silver Card
06/09/2021,McDonald's,66.86,debit,Fast Food,Platinum Card
06/12/2021,AMC Theaters,99.83,debit,Entertainment,Checking
06/14/2021,Sushi Bar,20.79,debit,Restaurants,Platinum Card
06/14/2021,BP,39.68,debit,Gas & Fuel,Silver Card
06/15/2021,AMC Theaters,175.51,debit,Entertainment,Platinum Card
06/17/2021,Target,31.74,debit,Shopping,Checking
06/20/2021,Whole Foods,82.35,debit,Groceries,Platinum Card
06/20/2021,Water Company,13.49,debit,Utilities,Platinum Card
06/23/2021,Home Depot,179.99,debit,Home Improvement,Silver Card
06/24/2021,BP,91.24,debit,Gas & Fuel,Savings
06/24/2021,Safeway,62.39,debit,Groceries,Silver Card
06/25/2021,Chipotle,54.69,debit,Fast Food,Checking
06/26/2021,Trader Joe's,62.46,debit,Groceries,Savings
06/29/2021,Sushi Bar,49.24,debit,Restaurants,Platinum Card
07/01/2021,Thai Restaurant,53.36,debit,Restaurants,Platinum Card
07/04/2021,Amazon Video,60.08,debit,Movies & DVDs,Checking
07/04/2021,Starbucks,72.73,debit,Coffee Shops,Savings
07/05/2021,Electric Company,189.53,debit,Utilities,Platinum Card
07/07/2021,Subway,78.03,debit,Fast Food,Checking
07/07/2021,Whole Foods,103.17,debit,Groceries,Checking
07/07/2021,Peet's Coffee,122.08,debit,Coffee Shops,Silver Card
07/07/2021,State Farm,27.85,debit,Auto Insurance,Checking
07/09/2021,Spotify,140.04,debit,Music,Platinum Card
07/11/2021,Water Company,159.92,debit,Utilities,Checking
07/11/2021,Water Company,32.25,debit,Utilities,Checking
07/14/2021,AT&T Internet,37.44,debit,Internet,Checking
07/14/2021,Starbucks,141.05,debit,Coffee Shops,Checking
07/16/2021,Whole Foods,125.56,debit,Groceries,Savings
07/19/2021,McDonald's,68.02,debit,Fast Food,Savings
07/22/2021,Shell,62.58,debit,Gas & Fuel,Platinum Card
07/25/2021,Payroll,1886.39,credit,Paycheck,Checking
07/28/2021,Walmart,132.56,debit,Shopping,Platinum Card
07/30/2021,Thai Restaurant,7.3,debit,Restaurants,Silver Card
08/01/2021,Target,19.67,debit,Shopping,Savings
08/04/2021,Safeway,71.87,debit,Groceries,Platinum Card
08/07/2021,Subway,54.31,debit,Fast Food,Savings
08/09/2021,AT&T Internet,147.35,debit,Internet,Checking
08/11/2021,Sushi Bar,52.29,debit,Restaurants,Silver Card
08/12/2021,Payroll,1884.9,credit,Paycheck,Checking
08/13/2021,Whole Foods,144.38,debit,Groceries,Platinum Card
08/14/2021,AT&T Internet,153.88,debit,Internet,Silver Card
08/15/2021,Verizon,62.69,debit,Mobile Phone,Platinum Card
08/16/2021,AT&T Internet,63.75,debit,Internet,Savings
08/19/2021,Payroll,2265.48,credit,Paycheck,Platinum Card
08/20/2021,Walmart,172.19,debit,Shopping,Platinum Card
08/21/2021,Walmart,71.83,debit,Shopping,Savings
08/24/2021,State Farm,60.76,debit,Auto Insurance,Checking
08/26/2021,Payroll,1863.47,credit,Paycheck,Savings
08/27/2021,Thai Restaurant,64.21,debit,Restaurants,Platinum Card
08/28/2021,State Farm,83.07,debit,Auto Insurance,Savings
08/28/2021,Water Company,154.95,debit,Utilities,Platinum Card
08/30/2021,Whole Foods,116.21,debit,Groceries,Savings
08/31/2021,Barbershop,74.22,debit,Haircut,Checking
09/02/2021,Italian Bistro,24.86,debit,Restaurants,Silver Card
09/05/2021,Trader Joe's,57.82,debit,Groceries,Silver Card
09/05/2021,BP,35.43,debit,Gas & Fuel,Platinum Card
09/06/2021,Chipotle,31.62,debit,Fast Food,Silver Card
09/09/2021,Whole Foods,57.56,debit,Groceries,Silver Card
09/10/2021,Water Company,184.03,debit,Utilities,Platinum Card
09/13/2021,Target,78.99,debit,Shopping,Checking
09/15/2021,Safeway,147.98,debit,Groceries,Platinum Card
09/15/2021,Amazon,178.52,debit,Shopping,Checking
09/15/2021,Comcast,100.6,debit,Internet,Savings
09/18/2021,Starbucks,58.96,debit,Coffee Shops,Silver Card
09/18/2021,Trader Joe's,111.08,debit,Groceries,Platinum Card
09/19/2021,Thai Restaurant,60.09,debit,Restaurants,Savings
09/20/2021,Peet's Coffee,107.11,debit,Coffee Shops,Silver Card
09/20/2021,Whole Foods,141.16,debit,Groceries,Silver Card
09/21/2021,Electric Company,137.88,debit,Utilities,Silver Card
09/21/2021,Chevron,98.75,debit,Gas & Fuel,Savings
09/22/2021,Home Depot,100.48,debit,Home Improvement,Silver Card
09/24/2021,AMC Theaters,93.17,debit,Entertainment,Silver Card
09/26/2021,Local Bar,67.52,debit,Alcohol & Bars,Checking
09/27/2021,Sushi Bar,44.44,debit,Restaurants,Platinum Card
09/30/2021,Chevron,56.99,debit,Gas & Fuel,Checking
09/30/2021,Spotify,117.68,debit,Music,Platinum Card
09/30/2021,AMC Theaters,66.8,debit,Entertainment,Savings
10/01/2021,Barbershop,67.26,debit,Haircut,Platinum Card
10/03/2021,Thai Restaurant,21.55,debit,Restaurants,Platinum Card
10/03/2021,Sushi Bar,60.83,debit,Restaurants,Platinum Card
10/04/2021,Local Bar,190.81,debit,Alcohol & Bars,Savings
10/05/2021,Netflix,159.6,debit,Entertainment,Silver Card
10/07/2021,Safeway,81.86,debit,Groceries,Savings
10/10/2021,Shell,56.25,debit,Gas & Fuel,Silver Card
10/11/2021,Local Bar,89.96,debit,Alcohol & Bars,Silver Card
10/14/2021,Chevron,39.56,debit,Gas & Fuel,Savings
10/15/2021,Starbucks,22.89,debit,Coffee Shops,Checking
10/17/2021,Safeway,59.0,debit,Groceries,Checking
10/17/2021,BP,48.66,debit,Gas & Fuel,Platinum Card
10/19/2021,Spotify,167.95,debit,Music,Savings
10/22/2021,Payroll,2820.42,credit,Paycheck,Silver Card
10/25/2021,Chipotle,63.27,debit,Fast Food,Savings
10/25/2021,McDonald's,79.07,debit,Fast Food,Silver Card
10/28/2021,State Farm,114.36,debit,Auto Insurance,Silver Card
10/28/2021,Netflix,5.62,debit,Entertainment,Platinum Card
10/28/2021,AMC Theaters,152.98,debit,Entertainment,Savings
10/30/2021,Subway,14.09,debit,Fast Food,Platinum Card
11/01/2021,Subway,50.15,debit,Fast Food,Checking
11/01/2021,McDonald's,7.81,debit,Fast Food,Checking
11/02/2021,Whole Foods,76.8,debit,Groceries,Checking
11/05/2021,Amazon,32.39,debit,Shopping,Silver Card
11/05/2021,Amazon,36.77,debit,Shopping,Checking
11/05/2021,Target,106.5,debit,Shopping,Platinum Card
11/08/2021,Chipotle,73.22,debit,Fast Food,Platinum Card
11/09/2021,Trader Joe's,109.65,debit,Groceries,Savings
11/09/2021,AMC Theaters,191.78,debit,Entertainment,Silver Card
11/11/2021,Netflix,124.04,debit,Entertainment,Platinum Card
11/14/2021,Chipotle,28.6,debit,Fast Food,Silver Card
11/14/2021,AMC Theaters,41.04,debit,Entertainment,Checking
11/14/2021,Sushi Bar,38.93,debit,Restaurants,Platinum Card
11/14/2021,Safeway,48.61,debit,Groceries,Platinum Card
11/15/2021,Barbershop,141.96,debit,Haircut,Checking
11/17/2021,AT&T Internet,24.7,debit,Internet,Platinum Card
11/20/2021,Payroll,2849.01,credit,Paycheck,Checking
11/22/2021,Local Bar,51.83,debit,Alcohol & Bars,Silver Card
11/22/2021,Comcast,46.51,debit,Internet,Savings
11/24/2021,AMC Theaters,126.14,debit,Entertainment,Checking
11/26/2021,Amazon,18.57,debit,Shopping,Savings
11/29/2021,Local Bar,52.58,debit,Alcohol & Bars,Platinum Card
11/30/2021,Trader Joe's,90.19,debit,Groceries,Silver Card
12/02/2021,Italian Bistro,21.61,debit,Restaurants,Silver Card
12/03/2021,Chipotle,74.21,debit,Fast Food,Platinum Card
12/05/2021,Walmart,109.77,debit,Shopping,Platinum Card
12/07/2021,Chevron,55.02,debit,Gas & Fuel,Checking
12/08/2021,Electric Company,9.3,debit,Utilities,Savings
12/08/2021,Whole Foods,141.7,debit,Groceries,Savings
12/08/2021,Sushi Bar,58.47,debit,Restaurants,Checking
12/11/2021,Water Company,103.77,debit,Utilities,Checking
12/14/2021,AT&T Internet,189.59,debit,Internet,Silver Card
12/14/2021,Netflix,89.43,debit,Entertainment,Silver Card
12/16/2021,Starbucks,176.68,debit,Coffee Shops,Platinum Card
12/19/2021,Starbucks,114.87,debit,Coffee Shops,Silver Card
12/22/2021,Chevron,62.83,debit,Gas & Fuel,Silver Card
12/22/2021,Direct Deposit,2272.45,credit,Paycheck,Checking
12/23/2021,Thai Restaurant,75.29,debit,Restaurants,Checking
12/23/2021,Chevron,38.7,debit,Gas & Fuel,Checking
12/24/2021,Comcast,178.76,debit,Internet,Checking
12/27/2021,Netflix,175.43,debit,Entertainment,Savings
12/30/2021,Thai Restaurant,12.24,debit,Restaurants,Silver Card
12/31/2021,AMC Theaters,144.61,debit,Entertainment,Platinum Card
12/31/2021,Subway,63.43,debit,Fast Food,Checking
12/31/2021,Direct Deposit,2012.56,credit,Paycheck,Platinum Card
01/02/2022,Subway,10.45,debit,Fast Food,Savings
01/02/2022,Whole Foods,40.74,debit,Groceries,Silver Card
01/02/2022,AMC Theaters,99.77,debit,Entertainment,Platinum Card
01/04/2022,Peet's Coffee,77.73,debit,Coffee Shops,Savings
01/04/2022,Water Company,81.71,debit,Utilities,Platinum Card
01/06/2022,Local Bar,159.68,debit,Alcohol & Bars,Checking
01/07/2022,Comcast,185.64,debit,Internet,Checking
01/08/2022,Whole Foods,147.26,debit,Groceries,Savings
01/09/2022,Local Bar,79.79,debit,Alcohol & Bars,Silver Card
01/11/2022,Netflix,175.52,debit,Entertainment,Savings
01/11/2022,Spotify,94.76,debit,Music,Savings
01/13/2022,Amazon,162.46,debit,Shopping,Platinum Card
01/14/2022,Peet's Coffee,170.57,debit,Coffee Shops,Savings
01/15/2022,Chipotle,8.93,debit,Fast Food,Checking
01/15/2022,State Farm,127.93,debit,Auto Insurance,Checking
01/15/2022,Comcast,117.85,debit,Internet,Platinum Card
01/18/2022,Safeway,70.88,debit,Groceries,Savings
01/20/2022,Walmart,21.34,debit,Shopping,Silver Card
01/21/2022,AT&T Internet,15.53,debit,Internet,Platinum Card
01/21/2022,Safeway,77.0,debit,Groceries,Silver Card
01/24/2022,Trader Joe's,42.16,debit,Groceries,Platinum Card
01/24/2022,Walmart,179.9,debit,Shopping,Checking
01/26/2022,Shell,87.02,debit,Gas & Fuel,Platinum Card
01/29/2022,AMC Theaters,23.62,debit,Entertainment,Silver Card
01/30/2022,Shell,89.58,debit,Gas & Fuel,Savings
01/31/2022,BP,87.2,debit,Gas & Fuel,Platinum Card
02/02/2022,Target,14.57,debit,Shopping,Platinum Card
02/03/2022,Whole Foods,132.45,debit,Groceries,Checking
02/03/2022,AT&T Internet,36.7,debit,Internet,Platinum Card
02/03/2022,AT&T Internet,187.2,debit,Internet,Checking
02/05/2022,Whole Foods,97.09,debit,Groceries,Silver Card
02/06/2022,Electric Company,157.07,debit,Utilities,Platinum Card
02/06/2022,Thai Restaurant,45.27,debit,Restaurants,Checking
02/08/2022,Whole Foods,87.95,debit,Groceries,Platinum Card
02/11/2022,Payroll,2918.15,credit,Paycheck,Platinum Card
02/14/2022,Spotify,183.57,debit,Music,Savings
02/16/2022,Water Company,117.26,debit,Utilities,Platinum Card
02/16/2022,Comcast,22.23,debit,Internet,Silver Card
02/16/2022,Trader Joe's,149.54,debit,Groceries,Platinum Card
02/19/2022,AMC Theaters,117.76,debit,Entertainment,Platinum Card
02/20/2022,Local Bar,106.68,debit,Alcohol & Bars,Platinum Card
02/23/2022,Thai Restaurant,39.23,debit,Restaurants,Silver Card
02/23/2022,Whole Foods,81.69,debit,Groceries,Platinum Card
02/23/2022,Netflix,24.11,debit,Entertainment,Savings
02/23/2022,Water Company,21.4,debit,Utilities,Checking
02/25/2022,AT&T Internet,104.32,debit,Internet,Platinum Card
02/27/2022,Chevron,25.62,debit,Gas & Fuel,Checking
02/28/2022,AT&T Internet,151.83,debit,Internet,Savings
03/02/2022,Electric Company,90.44,debit,Utilities,Checking
03/02/2022,Subway,69.63,debit,Fast Food,Checking
03/02/2022,Trader Joe's,48.09,debit,Groceries,Silver Card
03/04/2022,Safeway,98.24,debit,Groceries,Savings
03/04/2022,T-Mobile,113.65,debit,Mobile Phone,Platinum Card
03/07/2022,Target,102.06,debit,Shopping,Silver Card
03/08/2022,Amazon,170.75,debit,Shopping,Platinum Card
03/10/2022,BP,31.81,debit,Gas & Fuel,Savings
03/13/2022,Whole Foods,83.93,debit,Groceries,Checking
03/15/2022,Electric Company,147.37,debit,Utilities,Platinum Card
03/18/2022,Netflix,76.58,debit,Entertainment,Checking
03/21/2022,AMC Theaters,85.82,debit,Entertainment,Silver Card
03/21/2022,Chipotle,21.52,debit,Fast Food,Checking
03/21/2022,Amazon,40.66,debit,Shopping,Savings
03/21/2022,Verizon,10.25,debit,Mobile Phone,Savings
03/24/2022,Netflix,29.88,debit,Entertainment,Silver Card
03/26/2022,T-Mobile,138.67,debit,Mobile Phone,Checking
03/28/2022,T-Mobile,158.42,debit,Mobile Phone,Silver Card
03/28/2022,Electric Company,51.01,debit,Utilities,Savings
03/29/2022,Subway,45.73,debit,Fast Food,Silver Card
03/31/2022,Peet's Coffee,23.9,debit,Coffee Shops,Savings
03/31/2022,McDonald's,72.57,debit,Fast Food,Checking
04/01/2022,Sushi Bar,53.35,debit,Restaurants,Checking
04/03/2022,Trader Joe's,105.13,debit,Groceries,Savings
04/05/2022,Barbershop,100.16,debit,Haircut,Checking
04/08/2022,T-Mobile,88.66,debit,Mobile Phone,Platinum Card
04/11/2022,Payroll,2477.46,credit,Paycheck,Silver Card
04/11/2022,BP,41.7,debit,Gas & Fuel,Silver Card
04/11/2022,Comcast,90.48,debit,Internet,Savings
04/13/2022,BP,50.81,debit,Gas & Fuel,Savings
04/15/2022,Water Company,173.5,debit,Utilities,Silver Card
04/16/2022,Local Bar,176.21,debit,Alcohol & Bars,Checking
04/17/2022,Peet's Coffee,43.01,debit,Coffee Shops,Checking
04/19/2022,Electric Company,144.41,debit,Utilities,Savings
04/21/2022,Trader Joe's,86.14,debit,Groceries,Platinum Card
04/23/2022,Netflix,155.59,debit,Entertainment,Checking
04/26/2022,Water Company,55.9,debit,Utilities,Silver Card
04/27/2022,BP,20.5,debit,Gas & Fuel,Silver Card
04/27/2022,Water Company,172.89,debit,Utilities,Platinum Card
04/28/2022,Target,83.8,debit,Shopping,Silver Card
05/01/2022,Trader Joe's,149.67,debit,Groceries,Savings
05/02/2022,Chipotle,70.5,debit,Fast Food,Silver Card
05/02/2022,Safeway,39.68,debit,Groceries,Savings
05/03/2022,Sushi Bar,20.52,debit,Restaurants,Silver Card
05/03/2022,Local Bar,95.52,debit,Alcohol & Bars,Checking
05/06/2022,Netflix,44.0,debit,Entertainment,Silver Card
05/08/2022,Starbucks,152.73,debit,Coffee Shops,Savings
05/09/2022,Home Depot,157.72,debit,Home Improvement,Platinum Card
05/09/2022,AMC Theaters,120.26,debit,Entertainment,Checking
05/11/2022,Trader Joe's,17.19,debit,Groceries,Platinum Card
05/13/2022,Walmart,134.39,debit,Shopping,Checking
05/15/2022,Direct Deposit,2712.19,credit,Paycheck,Checking
05/16/2022,McDonald's,54.08,debit,Fast Food,Savings
05/16/2022,Whole Foods,109.44,debit,Groceries,Silver Card
05/17/2022,Thai Restaurant,53.55,debit,Restaurants,Checking
05/19/2022,Electric Company,92.15,debit,Utilities,Silver Card
05/21/2022,Trader Joe's,106.0,debit,Groceries,Silver Card
05/21/2022,Whole Foods,119.51,debit,Groceries,Checking
05/21/2022,Electric Company,34.75,debit,Utilities,Platinum Card
05/23/2022,Whole Foods,135.44,debit,Groceries,Checking
05/24/2022,Italian Bistro,59.69,debit,Restaurants,Savings
05/25/2022,Verizon,184.66,debit,Mobile Phone,Silver Card
05/27/2022,Amazon,34.18,debit,Shopping,Checking
05/30/2022,Electric Company,141.47,debit,Utilities,Platinum Card
05/31/2022,Verizon,151.92,debit,Mobile Phone,Savings
06/02/2022,Spotify,101.94,debit,Music,Platinum Card
06/04/2022,Whole Foods,45.99,debit,Groceries,Savings
06/06/2022,Electric Company,46.74,debit,Utilities,Platinum Card
06/07/2022,Amazon,44.76,debit,Shopping,Silver Card
06/08/2022,Sushi Bar,31.5,debit,Restaurants,Savings
06/11/2022,Thai Restaurant,17.33,debit,Restaurants,Platinum Card
06/14/2022,Amazon,145.81,debit,Shopping,Checking
06/15/2022,State Farm,155.13,debit,Auto Insurance,Silver Card
06/16/2022,Whole Foods,100.57,debit,Groceries,Checking
06/17/2022,Payroll,2964.01,credit,Paycheck,Platinum Card
06/19/2022,Trader Joe's,96.27,debit,Groceries,Platinum Card
06/19/2022,Chipotle,18.27,debit,Fast Food,Checking
06/19/2022,Sushi Bar,63.17,debit,Restaurants,Silver Card
06/20/2022,Chipotle,24.32,debit,Fast Food,Silver Card
06/20/2022,Chipotle,59.81,debit,Fast Food,Checking
06/21/2022,Payroll,2354.08,credit,Paycheck,Platinum Card
06/23/2022,Chevron,40.16,debit,Gas & Fuel,Platinum Card
06/24/2022,Netflix,67.84,debit,Entertainment,Savings
06/25/2022,Sushi Bar,25.81,debit,Restaurants,Savings
06/26/2022,Water Company,5.6,debit,Utilities,Checking
06/28/2022,Chipotle,13.38,debit,Fast Food,Checking
06/29/2022,Thai Restaurant,34.15,debit,Restaurants,Silver Card
07/02/2022,Home Depot,123.56,debit,Home Improvement,Platinum Card
07/02/2022,Target,157.62,debit,Shopping,Platinum Card
07/03/2022,Water Company,163.09,debit,Utilities,Platinum Card
07/04/2022,Trader Joe's,41.17,debit,Groceries,Silver Card
07/07/2022,Shell,96.56,debit,Gas & Fuel,Silver Card
07/07/2022,Spotify,51.61,debit,Music,Silver Card
07/10/2022,Sushi Bar,64.92,debit,Restaurants,Savings
07/11/2022,BP,46.66,debit,Gas & Fuel,Platinum Card
07/14/2022,Spotify,163.85,debit,Music,Savings
07/16/2022,Safeway,96.26,debit,Groceries,Silver Card
07/18/2022,Electric Company,195.01,debit,Utilities,Platinum Card
07/20/2022,Italian Bistro,33.19,debit,Restaurants,Savings
07/21/2022,AT&T Internet,78.13,debit,Internet,Platinum Card
07/21/2022,Home Depot,173.7,debit,Home Improvement,Savings
07/22/2022,T-Mobile,157.57,debit,Mobile Phone,Platinum Card
07/25/2022,Italian Bistro,53.32,debit,Restaurants,Checking
07/27/2022,Electric Company,22.79,debit,Utilities,Platinum Card
07/29/2022,Payroll,2727.4,credit,Paycheck,Silver Card
07/30/2022,Italian Bistro,60.66,debit,Restaurants,Platinum Card
07/31/2022,AMC Theaters,69.57,debit,Entertainment,Silver Card
08/03/2022,AT&T Internet,128.7,debit,Internet,Checking
08/04/2022,Water Company,156.62,debit,Utilities,Silver Card
08/04/2022,Water Company,61.05,debit,Utilities,Savings
08/07/2022,Sushi Bar,36.09,debit,Restaurants,Silver Card
08/09/2022,Chevron,43.97,debit,Gas & Fuel,Savings
08/10/2022,State Farm,48.64,debit,Auto Insurance,Silver Card
08/11/2022,Chevron,40.66,debit,Gas & Fuel,Savings
08/13/2022,Payroll,2378.29,credit,Paycheck,Savings
08/16/2022,Trader Joe's,87.47,debit,Groceries,Savings
08/16/2022,Water Company,114.3,debit,Utilities,Platinum Card
08/19/2022,Walmart,117.11,debit,Shopping,Platinum Card
08/22/2022,State Farm,74.64,debit,Auto Insurance,Silver Card
08/23/2022,Netflix,107.11,debit,Entertainment,Platinum Card
08/23/2022,Trader Joe's,53.97,debit,Groceries,Platinum Card
08/23/2022,Barbershop,104.12,debit,Haircut,Silver Card
08/24/2022,Electric Company,79.66,debit,Utilities,Checking
08/25/2022,Chevron,79.6,debit,Gas & Fuel,Platinum Card
08/28/2022,Comcast,136.06,debit,Internet,Savings
08/28/2022,AT&T Internet,196.35,debit,Internet,Savings
08/30/2022,Payroll,2840.24,credit,Paycheck,Savings
09/02/2022,Trader Joe's,55.12,debit,Groceries,Platinum Card
09/02/2022,Italian Bistro,33.26,debit,Restaurants,Platinum Card
09/03/2022,Starbucks,124.79,debit,Coffee Shops,Silver Card
09/05/2022,McDonald's,30.89,debit,Fast Food,Savings
09/07/2022,Whole Foods,32.14,debit,Groceries,Platinum Card
09/10/2022,BP,92.52,debit,Gas & Fuel,Silver Card
09/12/2022,Spotify,158.16,debit,Music,Savings
09/13/2022,Water Company,19.91,debit,Utilities,Savings
09/15/2022,Subway,63.62,debit,Fast Food,Platinum Card
09/18/2022,Local Bar,73.39,debit,Alcohol & Bars,Platinum Card
09/19/2022,Trader Joe's,116.94,debit,Groceries,Checking
09/21/2022,Whole Foods,142.45,debit,Groceries,Checking
09/24/2022,Water Company,101.27,debit,Utilities,Silver Card
09/27/2022,Electric Company,158.01,debit,Utilities,Silver Card
09/30/2022,Local Bar,126.17,debit,Alcohol & Bars,Platinum Card
10/03/2022,Amazon,187.13,debit,Shopping,Platinum Card
10/06/2022,Amazon Video,56.09,debit,Movies & DVDs,Silver Card
10/06/2022,Water Company,136.13,debit,Utilities,Silver Card
10/09/2022,State Farm,40.76,debit,Auto Insurance,Savings
10/11/2022,Chevron,25.82,debit,Gas & Fuel,Savings
10/14/2022,Direct Deposit,2866.67,credit,Paycheck,Silver Card
10/15/2022,Amazon,159.41,debit,Shopping,Savings
10/15/2022,AMC Theaters,124.66,debit,Entertainment,Checking
10/15/2022,Water Company,48.71,debit,Utilities,Platinum Card
10/17/2022,Direct Deposit,2669.11,credit,Paycheck,Platinum Card
10/20/2022,Chipotle,49.46,debit,Fast Food,Savings
10/23/2022,Subway,54.37,debit,Fast Food,Savings
10/23/2022,Chipotle,59.83,debit,Fast Food,Platinum Card
10/23/2022,Starbucks,51.09,debit,Coffee Shops,Platinum Card
10/23/2022,Payroll,2751.49,credit,Paycheck,Savings
10/25/2022,Trader Joe's,104.52,debit,Groceries,Savings
10/27/2022,Shell,59.0,debit,Gas & Fuel,Checking
10/27/2022,Local Bar,38.66,debit,Alcohol & Bars,Silver Card
10/27/2022,Thai Restaurant,41.01,debit,Restaurants,Savings
10/29/2022,Whole Foods,12.23,debit,Groceries,Silver Card
10/31/2022,McDonald's,69.54,debit,Fast Food,Checking
11/01/2022,Trader Joe's,92.19,debit,Groceries,Silver Card
11/02/2022,Trader Joe's,98.0,debit,Groceries,Silver Card
11/05/2022,Trader Joe's,149.55,debit,Groceries,Savings
11/05/2022,Home Depot,50.84,debit,Home Improvement,Platinum Card
11/05/2022,Whole Foods,140.39,debit,Groceries,Platinum Card
11/07/2022,Whole Foods,111.08,debit,Groceries,Silver Card
11/08/2022,Sushi Bar,43.62,debit,Restaurants,Savings
11/10/2022,Water Company,133.18,debit,Utilities,Savings
11/11/2022,AMC Theaters,52.02,debit,Entertainment,Silver Card
11/13/2022,Starbucks,38.45,debit,Coffee Shops,Savings
11/15/2022,State Farm,71.61,debit,Auto Insurance,Platinum Card
11/16/2022,Local Bar,108.1,debit,Alcohol & Bars,Savings
11/17/2022,Safeway,87.6,debit,Groceries,Platinum Card
11/17/2022,Water Company,47.67,debit,Utilities,Platinum Card
11/19/2022,Barbershop,182.68,debit,Haircut,Silver Card
11/20/2022,Amazon Video,143.82,debit,Movies & DVDs,Savings
11/22/2022,Target,17.69,debit,Shopping,Checking
11/22/2022,Thai Restaurant,68.02,debit,Restaurants,Silver Card
11/22/2022,Safeway,76.59,debit,Groceries,Savings
11/25/2022,AT&T Internet,13.5,debit,Internet,Silver Card
11/25/2022,Thai Restaurant,38.51,debit,Restaurants,Savings
11/25/2022,Netflix,196.75,debit,Entertainment,Savings
11/25/2022,Whole Foods,30.17,debit,Groceries,Silver Card
11/26/2022,AT&T Internet,175.55,debit,Internet,Checking
11/29/2022,Thai Restaurant,37.9,debit,Restaurants,Platinum Card
11/30/2022,Water Company,101.56,debit,Utilities,Platinum Card
12/03/2022,Amazon,170.52,debit,Shopping,Platinum Card
12/03/2022,State Farm,54.5,debit,Auto Insurance,Silver Card
12/06/2022,Whole Foods,62.49,debit,Groceries,Platinum Card
12/06/2022,Sushi Bar,22.69,debit,Restaurants,Savings
12/06/2022,Chipotle,15.42,debit,Fast Food,Silver Card
12/06/2022,Amazon,93.74,debit,Shopping,Savings
12/08/2022,Walmart,173.45,debit,Shopping,Checking
12/11/2022,Amazon,22.07,debit,Shopping,Platinum Card
12/11/2022,Sushi Bar,28.44,debit,Restaurants,Checking
12/11/2022,Amazon,191.0,debit,Shopping,Silver Card
12/14/2022,Safeway,12.56,debit,Groceries,Checking
12/15/2022,Italian Bistro,51.06,debit,Restaurants,Silver Card
12/16/2022,Amazon,166.63,debit,Shopping,Silver Card
12/19/2022,Water Company,134.46,debit,Utilities,Silver Card
12/22/2022,Netflix,185.0,debit,Entertainment,Savings
12/23/2022,Netflix,97.58,debit,Entertainment,Platinum Card
12/26/2022,Whole Foods,141.24,debit,Groceries,Savings
12/26/2022,Netflix,41.06,debit,Entertainment,Checking
12/29/2022,Shell,94.05,debit,Gas & Fuel,Silver Card
01/01/2023,AMC Theaters,175.52,debit,Entertainment,Checking
01/01/2023,Payroll,2243.63,credit,Paycheck,Platinum Card
01/04/2023,State Farm,184.19,debit,Auto Insurance,Silver Card
01/07/2023,Amazon Video,142.12,debit,Movies & DVDs,Checking
01/07/2023,McDonald's,16.63,debit,Fast Food,Savings
01/08/2023,Netflix,95.95,debit,Entertainment,Silver Card
01/10/2023,Shell,50.43,debit,Gas & Fuel,Platinum Card
01/13/2023,Amazon,166.72,debit,Shopping,Silver Card
01/16/2023,Payroll,2289.17,credit,Paycheck,Platinum Card
01/18/2023,Chevron,25.15,debit,Gas & Fuel,Silver Card
01/21/2023,AMC Theaters,45.65,debit,Entertainment,Silver Card
01/24/2023,Verizon,9.07,debit,Mobile Phone,Savings
01/24/2023,Electric Company,156.61,debit,Utilities,Platinum Card
01/25/2023,Home Depot,68.28,debit,Home Improvement,Silver Card
01/25/2023,Spotify,196.99,debit,Music,Savings
01/28/2023,Italian Bistro,42.64,debit,Restaurants,Checking
01/31/2023,Amazon,172.98,debit,Shopping,Checking
02/02/2023,Italian Bistro,75.83,debit,Restaurants,Checking
02/04/2023,Direct Deposit,2013.16,credit,Paycheck,Checking
02/04/2023,Chevron,52.99,debit,Gas & Fuel,Savings
02/05/2023,Verizon,155.32,debit,Mobile Phone,Silver Card
02/08/2023,Chipotle,37.87,debit,Fast Food,Checking
02/10/2023,Barbershop,82.58,debit,Haircut,Checking
02/10/2023,Safeway,128.48,debit,Groceries,Checking
02/10/2023,Chipotle,51.05,debit,Fast Food,Savings
02/11/2023,Electric Company,72.46,debit,Utilities,Checking
02/14/2023,Peet's Coffee,192.57,debit,Coffee Shops,Savings
02/16/2023,Barbershop,119.83,debit,Haircut,Checking
02/19/2023,BP,39.7,debit,Gas & Fuel,Platinum Card
02/19/2023,Electric Company,112.45,debit,Utilities,Checking
02/22/2023,Safeway,55.8,debit,Groceries,Savings
02/22/2023,Safeway,120.67,debit,Groceries,Silver Card
02/22/2023,Direct Deposit,2934.85,credit,Paycheck,Platinum Card
02/25/2023,Amazon Video,128.42,debit,Movies & DVDs,Savings
02/28/2023,Sushi Bar,13.78,debit,Restaurants,Platinum Card
03/03/2023,Water Company,170.92,debit,Utilities,Savings
03/06/2023,Peet's Coffee,41.59,debit,Coffee Shops,Platinum Card
03/07/2023,Whole Foods,124.95,debit,Groceries,Silver Card
03/09/2023,Barbershop,173.93,debit,Haircut,Savings
03/09/2023,Peet's Coffee,131.22,debit,Coffee Shops,Silver Card
03/11/2023,Trader Joe's,113.96,debit,Groceries,Savings
03/12/2023,Chevron,99.31,debit,Gas & Fuel,Platinum Card
03/13/2023,Walmart,16.88,debit,Shopping,Platinum Card
03/13/2023,Home Depot,198.23,debit,Home Improvement,Platinum Card
03/13/2023,Safeway,103.07,debit,Groceries,Platinum Card
03/15/2023,AT&T Internet,56.72,debit,Internet,Savings
03/17/2023,Comcast,139.41,debit,Internet,Platinum Card
03/18/2023,Chevron,35.72,debit,Gas & Fuel,Savings
03/19/2023,AT&T Internet,72.57,debit,Internet,Savings
03/21/2023,Spotify,72.12,debit,Music,Savings
03/22/2023,Water Company,7.6,debit,Utilities,Platinum Card
03/22/2023,Thai Restaurant,37.53,debit,Restaurants,Platinum Card
03/25/2023,Starbucks,39.73,debit,Coffee Shops,Checking
03/28/2023,Safeway,29.36,debit,Groceries,Checking
03/31/2023,Walmart,49.26,debit,Shopping,Checking
04/01/2023,Walmart,187.22,debit,Shopping,Checking
04/04/2023,Electric Company,76.65,debit,Utilities,Savings
04/05/2023,Local Bar,140.19,debit,Alcohol & Bars,Savings
04/08/2023,Electric Company,165.13,debit,Utilities,Checking
04/09/2023,Whole Foods,44.16,debit,Groceries,Silver Card
04/11/2023,Water Company,133.15,debit,Utilities,Silver Card
04/11/2023,Payroll,1892.51,credit,Paycheck,Checking
04/12/2023,Whole Foods,140.89,debit,Groceries,Silver Card
04/14/2023,Netflix,124.55,debit,Entertainment,Savings
04/17/2023,Peet's Coffee,77.21,debit,Coffee Shops,Silver Card
04/18/2023,Trader Joe's,84.89,debit,Groceries,Checking
04/21/2023,Chipotle,69.35,debit,Fast Food,Savings
04/21/2023,Barbershop,11.88,debit,Haircut,Platinum Card
04/23/2023,Target,154.37,debit,Shopping,Savings
04/25/2023,Chevron,88.25,debit,Gas & Fuel,Savings
04/28/2023,Shell,89.13,debit,Gas & Fuel,Checking
05/01/2023,Comcast,73.37,debit,Internet,Silver Card
05/02/2023,Electric Company,39.48,debit,Utilities,Platinum Card
05/04/2023,McDonald's,50.63,debit,Fast Food,Savings
05/05/2023,Local Bar,81.26,debit,Alcohol & Bars,Platinum Card
05/07/2023,State Farm,45.74,debit,Auto Insurance,Silver Card
05/08/2023,Italian Bistro,46.3,debit,Restaurants,Checking
05/08/2023,Water Company,17.45,debit,Utilities,Silver Card
05/11/2023,Sushi Bar,25.85,debit,Restaurants,Silver Card
05/14/2023,Italian Bistro,76.82,debit,Restaurants,Checking
05/15/2023,Italian Bistro,61.79,debit,Restaurants,Silver Card
05/17/2023,Comcast,50.32,debit,Internet,Savings
05/20/2023,T-Mobile,5.76,debit,Mobile Phone,Savings
05/22/2023,Amazon,132.5,debit,Shopping,Checking
05/25/2023,AMC Theaters,137.44,debit,Entertainment,Silver Card
05/26/2023,T-Mobile,156.91,debit,Mobile Phone,Silver Card
05/27/2023,McDonald's,31.63,debit,Fast Food,Platinum Card
05/30/2023,McDonald's,11.7,debit,Fast Food,Silver Card
05/31/2023,Safeway,130.74,debit,Groceries,Savings
05/31/2023,Netflix,174.97,debit,Movies & DVDs,Silver Card
06/03/2023,Starbucks,121.97,debit,Coffee Shops,Silver Card
06/06/2023,Peet's Coffee,52.39,debit,Coffee Shops,Savings
06/06/2023,Verizon,170.97,debit,Mobile Phone,Checking
06/08/2023,Chipotle,62.43,debit,Fast Food,Silver Card
06/11/2023,AMC Theaters,22.49,debit,Entertainment,Savings
06/11/2023,Trader Joe's,21.69,debit,Groceries,Checking
06/11/2023,Subway,44.62,debit,Fast Food,Silver Card
06/14/2023,Walmart,130.23,debit,Shopping,Platinum Card
06/15/2023,State Farm,190.75,debit,Auto Insurance,Platinum Card
06/15/2023,McDonald's,14.66,debit,Fast Food,Checking
06/17/2023,Safeway,103.39,debit,Groceries,Silver Card
06/20/2023,Sushi Bar,44.68,debit,Restaurants,Savings
06/22/2023,Target,132.85,debit,Shopping,Platinum Card
06/23/2023,Netflix,187.83,debit,Entertainment,Savings
06/25/2023,Local Bar,11.71,debit,Alcohol & Bars,Savings
06/27/2023,Trader Joe's,80.45,debit,Groceries,Savings
06/30/2023,Netflix,184.5,debit,Entertainment,Silver Card
07/01/2023,Whole Foods,115.39,debit,Groceries,Platinum Card
07/01/2023,Safeway,125.16,debit,Groceries,Savings
07/03/2023,AMC Theaters,197.04,debit,Entertainment,Platinum Card
07/03/2023,Italian Bistro,66.59,debit,Restaurants,Savings
07/03/2023,Comcast,85.67,debit,Internet,Checking
07/04/2023,Barbershop,197.67,debit,Haircut,Checking
07/04/2023,Local Bar,13.26,debit,Alcohol & Bars,Savings
07/07/2023,BP,81.0,debit,Gas & Fuel,Checking
07/08/2023,Chipotle,51.56,debit,Fast Food,Savings
07/08/2023,Netflix,123.24,debit,Entertainment,Platinum Card
07/10/2023,Subway,12.77,debit,Fast Food,Savings
07/13/2023,BP,20.82,debit,Gas & Fuel,Savings
07/13/2023,McDonald's,15.24,debit,Fast Food,Checking
07/13/2023,AT&T Internet,60.78,debit,Internet,Checking
07/15/2023,Subway,49.46,debit,Fast Food,Savings
07/17/2023,Direct Deposit,2902.89,credit,Paycheck,Checking
07/17/2023,Walmart,185.36,debit,Shopping,Platinum Card
07/19/2023,Netflix,160.48,debit,Entertainment,Savings
07/20/2023,Safeway,119.24,debit,Groceries,Savings
07/20/2023,Starbucks,145.02,debit,Coffee Shops,Checking
07/20/2023,Electric Company,90.88,debit,Utilities,Checking
07/20/2023,Shell,69.43,debit,Gas & Fuel,Silver Card
07/21/2023,Amazon,155.39,debit,Shopping,Platinum Card
07/22/2023,Safeway,101.4,debit,Groceries,Platinum Card
07/22/2023,Whole Foods,62.08,debit,Groceries,Platinum Card
07/22/2023,Home Depot,17.77,debit,Home Improvement,Savings
07/22/2023,Sushi Bar,16.22,debit,Restaurants,Silver Card
07/23/2023,Safeway,120.89,debit,Groceries,Platinum Card
07/24/2023,Thai Restaurant,7.02,debit,Restaurants,Checking
07/25/2023,Home Depot,76.12,debit,Home Improvement,Checking
07/28/2023,State Farm,47.7,debit,Auto Insurance,Platinum Card
07/28/2023,Italian Bistro,26.26,debit,Restaurants,Platinum Card
07/30/2023,Safeway,37.15,debit,Groceries,Silver Card
08/01/2023,Netflix,16.25,debit,Entertainment,Savings
08/02/2023,Target,103.84,debit,Shopping,Checking
08/02/2023,Whole Foods,81.88,debit,Groceries,Savings
08/03/2023,Walmart,82.02,debit,Shopping,Platinum Card
08/04/2023,McDonald's,65.05,debit,Fast Food,Checking
08/06/2023,Sushi Bar,10.68,debit,Restaurants,Savings
08/06/2023,Starbucks,157.31,debit,Coffee Shops,Platinum Card
08/06/2023,AMC Theaters,73.8,debit,Entertainment,Checking
08/08/2023,Whole Foods,45.7,debit,Groceries,Savings
08/11/2023,Thai Restaurant,15.28,debit,Restaurants,Savings
08/11/2023,Water Company,36.28,debit,Utilities,Checking
08/13/2023,Trader Joe's,41.39,debit,Groceries,Platinum Card
08/15/2023,Italian Bistro,72.69,debit,Restaurants,Checking
08/16/2023,Trader Joe's,137.92,debit,Groceries,Savings
08/17/2023,Chevron,75.35,debit,Gas & Fuel,Savings
08/20/2023,Local Bar,118.72,debit,Alcohol & Bars,Savings
08/23/2023,Comcast,64.34,debit,Internet,Savings
08/25/2023,AMC Theaters,149.7,debit,Entertainment,Savings
08/27/2023,Subway,62.9,debit,Fast Food,Checking
08/28/2023,Trader Joe's,88.8,debit,Groceries,Savings
08/31/2023,Chipotle,55.95,debit,Fast Food,Savings
09/03/2023,Direct Deposit,2148.36,credit,Paycheck,Silver Card
09/05/2023,Peet's Coffee,83.68,debit,Coffee Shops,Platinum Card
09/07/2023,Walmart,118.46,debit,Shopping,Platinum Card
09/09/2023,Comcast,169.41,debit,Internet,Platinum Card
09/11/2023,Whole Foods,55.46,debit,Groceries,Silver Card
09/13/2023,Whole Foods,107.16,debit,Groceries,Platinum Card
09/13/2023,Peet's Coffee,97.45,debit,Coffee Shops,Platinum Card
09/15/2023,Verizon,58.69,debit,Mobile Phone,Savings
09/18/2023,Comcast,77.46,debit,Internet,Checking
09/18/2023,AMC Theaters,119.87,debit,Entertainment,Silver Card
09/18/2023,Comcast,109.86,debit,Internet,Platinum Card
09/20/2023,Whole Foods,112.31,debit,Groceries,Platinum Card
09/22/2023,Amazon Video,158.18,debit,Movies & DVDs,Platinum Card
09/25/2023,AMC Theaters,54.76,debit,Entertainment,Savings
09/27/2023,Verizon,77.91,debit,Mobile Phone,Silver Card
09/29/2023,AT&T Internet,190.13,debit,Internet,Checking
10/01/2023,Safeway,61.58,debit,Groceries,Checking
10/03/2023,Chevron,97.65,debit,Gas & Fuel,Checking
10/04/2023,Netflix,142.8,debit,Movies & DVDs,Checking
10/07/2023,Chipotle,24.07,debit,Fast Food,Silver Card
10/10/2023,Chevron,69.23,debit,Gas & Fuel,Checking
10/13/2023,State Farm,85.45,debit,Auto Insurance,Savings
10/15/2023,Chipotle,32.18,debit,Fast Food,Silver Card
10/17/2023,Thai Restaurant,59.26,debit,Restaurants,Savings
10/18/2023,BP,73.23,debit,Gas & Fuel,Checking
10/21/2023,Thai Restaurant,62.18,debit,Restaurants,Platinum Card
10/22/2023,Home Depot,9.21,debit,Home Improvement,Silver Card
10/24/2023,Electric Company,26.3,debit,Utilities,Savings
10/25/2023,Netflix,84.0,debit,Entertainment,Platinum Card
10/28/2023,AMC Theaters,96.11,debit,Entertainment,Savings
10/31/2023,Home Depot,195.69,debit,Home Improvement,Silver Card
10/31/2023,Peet's Coffee,59.29,debit,Coffee Shops,Platinum Card
11/02/2023,McDonald's,13.2,debit,Fast Food,Savings
11/05/2023,Chevron,53.28,debit,Gas & Fuel,Checking
11/06/2023,AMC Theaters,66.26,debit,Entertainment,Savings
11/06/2023,Whole Foods,29.21,debit,Groceries,Checking
11/06/2023,Direct Deposit,2708.03,credit,Paycheck,Checking
11/07/2023,Water Company,16.39,debit,Utilities,Platinum Card
11/09/2023,Direct Deposit,1890.6,credit,Paycheck,Savings
11/10/2023,BP,98.45,debit,Gas & Fuel,Platinum Card
11/12/2023,Whole Foods,62.31,debit,Groceries,Checking
11/14/2023,Italian Bistro,69.23,debit,Restaurants,Checking
11/17/2023,Subway,37.49,debit,Fast Food,Silver Card
11/17/2023,McDonald's,40.79,debit,Fast Food,Silver Card
11/19/2023,Electric Company,127.89,debit,Utilities,Platinum Card
11/19/2023,State Farm,5.37,debit,Auto Insurance,Platinum Card
11/21/2023,AMC Theaters,8.64,debit,Entertainment,Checking
11/22/2023,Target,64.91,debit,Shopping,Platinum Card
11/23/2023,AT&T Internet,128.32,debit,Internet,Silver Card
11/23/2023,Payroll,2533.66,credit,Paycheck,Savings
11/23/2023,Home Depot,137.98,debit,Home Improvement,Checking
11/23/2023,Safeway,88.81,debit,Groceries,Silver Card
11/23/2023,Spotify,176.73,debit,Music,Platinum Card
11/25/2023,Sushi Bar,20.82,debit,Restaurants,Platinum Card
11/26/2023,Whole Foods,133.83,debit,Groceries,Platinum Card
11/29/2023,Barbershop,6.4,debit,Haircut,Checking
11/29/2023,Local Bar,6.63,debit,Alcohol & Bars,Savings
12/02/2023,Amazon,136.43,debit,Shopping,Checking
12/05/2023,Shell,41.21,debit,Gas & Fuel,Silver Card
12/07/2023,Trader Joe's,29.73,debit,Groceries,Savings
12/07/2023,Chevron,43.59,debit,Gas & Fuel,Silver Card
12/08/2023,Starbucks,122.19,debit,Coffee Shops,Platinum Card
12/11/2023,State Farm,92.63,debit,Auto Insurance,Savings
12/12/2023,Water Company,96.71,debit,Utilities,Platinum Card
12/14/2023,Netflix,156.38,debit,Entertainment,Savings
12/14/2023,Comcast,128.01,debit,Internet,Savings
12/15/2023,Starbucks,81.66,debit,Coffee Shops,Platinum Card
12/15/2023,Spotify,17.6,debit,Music,Platinum Card
12/15/2023,Barbershop,26.2,debit,Haircut,Silver Card
12/18/2023,AT&T Internet,60.95,debit,Internet,Silver Card
12/18/2023,Payroll,2753.14,credit,Paycheck,Platinum Card
12/18/2023,Trader Joe's,74.65,debit,Groceries,Silver Card
12/18/2023,Chipotle,66.13,debit,Fast Food,Savings
12/19/2023,Whole Foods,111.81,debit,Groceries,Savings
12/21/2023,Netflix,29.65,debit,Entertainment,Silver Card
12/23/2023,Shell,62.54,debit,Gas & Fuel,Silver Card
12/23/2023,Walmart,175.55,debit,Shopping,Checking
12/23/2023,Peet's Coffee,47.43,debit,Coffee Shops,Savings
12/25/2023,Target,134.4,debit,Shopping,Platinum Card
12/26/2023,Safeway,22.62,debit,Groceries,Checking
12/26/2023,Starbucks,15.76,debit,Coffee Shops,Checking
12/29/2023,Direct Deposit,2972.22,credit,Paycheck,Silver Card
12/31/2023,Sushi Bar,76.17,debit,Restaurants,Checking
01/02/2024,Safeway,90.26,debit,Groceries,Silver Card
01/04/2024,Netflix,34.76,debit,Entertainment,Checking
01/06/2024,Whole Foods,120.27,debit,Groceries,Platinum Card
01/08/2024,Water Company,101.56,debit,Utilities,Checking
01/09/2024,Home Depot,158.78,debit,Home Improvement,Savings
01/12/2024,Netflix,99.9,debit,Entertainment,Platinum Card
01/15/2024,Electric Company,167.26,debit,Utilities,Savings
01/16/2024,Payroll,2332.8,credit,Paycheck,Platinum Card
01/19/2024,Verizon,85.09,debit,Mobile Phone,Savings
01/21/2024,AMC Theaters,60.84,debit,Entertainment,Savings
01/24/2024,Thai Restaurant,57.88,debit,Restaurants,Platinum Card
01/25/2024,AT&T Internet,75.48,debit,Internet,Silver Card
01/27/2024,Italian Bistro,50.42,debit,Restaurants,Checking
01/27/2024,Starbucks,7.96,debit,Coffee Shops,Platinum Card
01/28/2024,Direct Deposit,1953.18,credit,Paycheck,Checking
01/28/2024,Direct Deposit,2350.08,credit,Paycheck,Silver Card
01/29/2024,AMC Theaters,120.2,debit,Entertainment,Savings
01/30/2024,Starbucks,150.12,debit,Coffee Shops,Checking
02/01/2024,AT&T Internet,149.75,debit,Internet,Checking
02/04/2024,Safeway,82.36,debit,Groceries,Silver Card
02/07/2024,Local Bar,28.68,debit,Alcohol & Bars,Checking
02/08/2024,Chipotle,56.18,debit,Fast Food,Checking
02/08/2024,Electric Company,110.87,debit,Utilities,Savings
02/08/2024,AT&T Internet,155.23,debit,Internet,Savings
02/09/2024,Walmart,186.18,debit,Shopping,Savings
02/09/2024,Whole Foods,61.98,debit,Groceries,Platinum Card
02/11/2024,Netflix,58.28,debit,Entertainment,Savings
02/14/2024,Walmart,114.75,debit,Shopping,Platinum Card
02/16/2024,Barbershop,151.65,debit,Haircut,Platinum Card
02/16/2024,Electric Company,142.45,debit,Utilities,Checking
02/18/2024,Direct Deposit,1963.97,credit,Paycheck,Checking
02/21/2024,Trader Joe's,102.12,debit,Groceries,Silver Card
02/21/2024,AMC Theaters,179.71,debit,Entertainment,Silver Card
02/23/2024,Electric Company,94.77,debit,Utilities,Platinum Card
02/23/2024,Whole Foods,32.09,debit,Groceries,Checking
02/25/2024,Trader Joe's,77.49,debit,Groceries,Checking
02/25/2024,Barbershop,27.98,debit,Haircut,Platinum Card
02/27/2024,Whole Foods,11.96,debit,Groceries,Checking
03/01/2024,Italian Bistro,23.14,debit,Restaurants,Silver Card
03/01/2024,Home Depot,16.03,debit,Home Improvement,Savings
03/01/2024,Chipotle,24.85,debit,Fast Food,Silver Card
03/02/2024,Target,100.01,debit,Shopping,Savings
03/04/2024,Trader Joe's,138.88,debit,Groceries,Platinum Card
03/06/2024,Thai Restaurant,65.97,debit,Restaurants,Platinum Card
03/09/2024,Trader Joe's,119.49,debit,Groceries,Silver Card
03/10/2024,Electric Company,186.9,debit,Utilities,Checking
03/13/2024,AT&T Internet,45.47,debit,Internet,Savings
03/13/2024,Amazon,166.69,debit,Shopping,Silver Card
03/15/2024,Italian Bistro,61.0,debit,Restaurants,Platinum Card
03/15/2024,Shell,65.18,debit,Gas & Fuel,Savings
03/16/2024,AT&T Internet,71.35,debit,Internet,Checking
03/18/2024,Local Bar,73.52,debit,Alcohol & Bars,Platinum Card
03/19/2024,Starbucks,63.65,debit,Coffee Shops,Savings
03/21/2024,Safeway,55.66,debit,Groceries,Checking
03/24/2024,Local Bar,42.36,debit,Alcohol & Bars,Checking
03/27/2024,Walmart,191.26,debit,Shopping,Savings
03/29/2024,Trader Joe's,68.38,debit,Groceries,Checking
03/29/2024,BP,72.34,debit,Gas & Fuel,Checking
03/29/2024,Water Company,13.94,debit,Utilities,Silver Card
03/29/2024,Sushi Bar,69.42,debit,Restaurants,Platinum Card
04/01/2024,Starbucks,165.85,debit,Coffee Shops,Platinum Card
04/01/2024,Shell,98.01,debit,Gas & Fuel,Platinum Card
04/02/2024,Trader Joe's,73.75,debit,Groceries,Savings
04/02/2024,Peet's Coffee,99.94,debit,Coffee Shops,Checking
04/02/2024,Safeway,139.92,debit,Groceries,Savings
04/05/2024,Subway,39.83,debit,Fast Food,Savings
04/08/2024,Spotify,87.23,debit,Music,Silver Card
04/11/2024,Shell,40.6,debit,Gas & Fuel,Platinum Card
04/12/2024,Trader Joe's,87.64,debit,Groceries,Checking
04/12/2024,Starbucks,92.59,debit,Coffee Shops,Checking
04/14/2024,Whole Foods,31.96,debit,Groceries,Savings
04/14/2024,Trader Joe's,103.16,debit,Groceries,Platinum Card
04/15/2024,Safeway,71.48,debit,Groceries,Checking
04/15/2024,Target,196.44,debit,Shopping,Savings
04/15/2024,Water Company,28.78,debit,Utilities,Silver Card
04/15/2024,Subway,30.91,debit,Fast Food,Checking
04/15/2024,BP,21.44,debit,Gas & Fuel,Platinum Card
04/18/2024,Thai Restaurant,26.53,debit,Restaurants,Savings
04/20/2024,Chevron,55.17,debit,Gas & Fuel,Checking
04/21/2024,Italian Bistro,63.1,debit,Restaurants,Platinum Card
04/22/2024,Starbucks,94.45,debit,Coffee Shops,Silver Card
04/23/2024,Amazon,155.93,debit,Shopping,Savings
04/26/2024,Netflix,121.92,debit,Entertainment,Checking
04/29/2024,Walmart,140.82,debit,Shopping,Savings
05/01/2024,BP,38.71,debit,Gas & Fuel,Checking
05/01/2024,AMC Theaters,73.17,debit,Entertainment,Platinum Card
05/03/2024,Whole Foods,81.22,debit,Groceries,Savings
05/04/2024,Peet's Coffee,29.55,debit,Coffee Shops,Silver Card
05/05/2024,Safeway,110.69,debit,Groceries,Platinum Card
05/05/2024,Peet's Coffee,170.51,debit,Coffee Shops,Checking
05/07/2024,Safeway,137.84,debit,Groceries,Savings
05/10/2024,Shell,80.07,debit,Gas & Fuel,Silver Card
05/12/2024,Verizon,34.3,debit,Mobile Phone,Savings
05/13/2024,Netflix,83.08,debit,Entertainment,Silver Card
05/15/2024,Trader Joe's,134.91,debit,Groceries,Savings
05/15/2024,Thai Restaurant,55.28,debit,Restaurants,Silver Card
05/16/2024,Subway,11.15,debit,Fast Food,Savings
05/18/2024,Netflix,110.31,debit,Entertainment,Savings
05/20/2024,Local Bar,195.89,debit,Alcohol & Bars,Silver Card
05/23/2024,Subway,14.11,debit,Fast Food,Savings
05/23/2024,Safeway,71.64,debit,Groceries,Checking
05/26/2024,Netflix,179.99,debit,Entertainment,Silver Card
05/26/2024,Chipotle,68.54,debit,Fast Food,Platinum Card
05/27/2024,Netflix,195.13,debit,Entertainment,Checking
05/30/2024,Amazon,116.23,debit,Shopping,Savings
05/31/2024,Whole Foods,116.19,debit,Groceries,Savings
05/31/2024,Peet's Coffee,190.98,debit,Coffee Shops,Platinum Card
05/31/2024,Amazon,61.02,debit,Shopping,Platinum Card
06/01/2024,Walmart,45.81,debit,Shopping,Silver Card
06/01/2024,T-Mobile,114.53,debit,Mobile Phone,Savings
06/03/2024,State Farm,169.09,debit,Auto Insurance,Checking
06/06/2024,Whole Foods,138.0,debit,Groceries,Checking
06/06/2024,Starbucks,72.13,debit,Coffee Shops,Savings
06/09/2024,Shell,77.71,debit,Gas & Fuel,Savings
06/09/2024,Safeway,147.38,debit,Groceries,Checking
06/09/2024,Sushi Bar,7.78,debit,Restaurants,Platinum Card
06/12/2024,Netflix,17.52,debit,Entertainment,Checking
06/15/2024,Italian Bistro,59.23,debit,Restaurants,Checking
06/18/2024,Shell,35.25,debit,Gas & Fuel,Checking
06/18/2024,Starbucks,170.24,debit,Coffee Shops,Silver Card
06/21/2024,Subway,9.42,debit,Fast Food,Platinum Card
06/23/2024,State Farm,105.48,debit,Auto Insurance,Checking
06/25/2024,Sushi Bar,73.75,debit,Restaurants,Silver Card
06/28/2024,Direct Deposit,1894.91,credit,Paycheck,Silver Card
07/01/2024,AMC Theaters,35.41,debit,Entertainment,Silver Card
07/02/2024,Thai Restaurant,12.92,debit,Restaurants,Savings
07/05/2024,Italian Bistro,57.47,debit,Restaurants,Platinum Card
07/07/2024,Chevron,46.34,debit,Gas & Fuel,Savings
07/10/2024,BP,74.85,debit,Gas & Fuel,Silver Card
07/13/2024,Amazon,86.57,debit,Shopping,Platinum Card
07/13/2024,Chevron,62.14,debit,Gas & Fuel,Platinum Card
07/15/2024,Amazon,82.64,debit,Shopping,Silver Card
07/16/2024,Whole Foods,87.35,debit,Groceries,Checking
07/17/2024,T-Mobile,189.79,debit,Mobile Phone,Savings
07/20/2024,Local Bar,88.97,debit,Alcohol & Bars,Checking
07/20/2024,Shell,94.77,debit,Gas & Fuel,Checking
07/23/2024,McDonald's,77.58,debit,Fast Food,Savings
07/25/2024,Local Bar,115.63,debit,Alcohol & Bars,Savings
07/25/2024,Electric Company,48.31,debit,Utilities,Silver Card
07/25/2024,BP,77.86,debit,Gas & Fuel,Platinum Card
07/25/2024,Thai Restaurant,17.57,debit,Restaurants,Platinum Card
07/25/2024,BP,83.9,debit,Gas & Fuel,Platinum Card
07/27/2024,Electric Company,183.09,debit,Utilities,Platinum Card
07/28/2024,Trader Joe's,66.19,debit,Groceries,Silver Card
07/29/2024,Italian Bistro,31.63,debit,Restaurants,Checking
08/01/2024,Electric Company,170.26,debit,Utilities,Silver Card
08/01/2024,McDonald's,6.35,debit,Fast Food,Silver Card
08/04/2024,Italian Bistro,43.68,debit,Restaurants,Checking
08/06/2024,Italian Bistro,53.94,debit,Restaurants,Savings
08/09/2024,Thai Restaurant,52.42,debit,Restaurants,Platinum Card
08/10/2024,AT&T Internet,56.66,debit,Internet,Platinum Card
08/10/2024,Electric Company,134.0,debit,Utilities,Silver Card
08/13/2024,Chevron,92.32,debit,Gas & Fuel,Silver Card
08/16/2024,Subway,65.13,debit,Fast Food,Silver Card
08/19/2024,Thai Restaurant,28.5,debit,Restaurants,Platinum Card
08/22/2024,State Farm,107.83,debit,Auto Insurance,Platinum Card
08/25/2024,Trader Joe's,87.59,debit,Groceries,Savings
08/26/2024,Whole Foods,99.87,debit,Groceries,Checking
08/27/2024,Water Company,183.18,debit,Utilities,Checking
08/29/2024,Spotify,85.01,debit,Music,Savings
08/31/2024,Netflix,22.14,debit,Entertainment,Checking
09/03/2024,Verizon,102.31,debit,Mobile Phone,Checking
09/03/2024,Whole Foods,86.65,debit,Groceries,Savings
09/06/2024,Amazon,107.6,debit,Shopping,Platinum Card
09/06/2024,Chipotle,27.03,debit,Fast Food,Silver Card
09/09/2024,Trader Joe's,149.13,debit,Groceries,Silver Card
09/11/2024,Peet's Coffee,130.51,debit,Coffee Shops,Platinum Card
09/11/2024,AT&T Internet,20.21,debit,Internet,Savings
09/11/2024,BP,62.38,debit,Gas & Fuel,Silver Card
09/12/2024,Netflix,54.21,debit,Entertainment,Platinum Card
09/13/2024,Shell,75.83,debit,Gas & Fuel,Silver Card
09/16/2024,Italian Bistro,68.7,debit,Restaurants,Silver Card
09/17/2024,Amazon Video,82.77,debit,Movies & DVDs,Platinum Card
09/20/2024,BP,54.44,debit,Gas & Fuel,Platinum Card
09/20/2024,Water Company,20.05,debit,Utilities,Platinum Card
09/23/2024,T-Mobile,41.71,debit,Mobile Phone,Savings
09/23/2024,Starbucks,55.61,debit,Coffee Shops,Savings
09/24/2024,Netflix,186.81,debit,Entertainment,Platinum Card
09/24/2024,Whole Foods,143.56,debit,Groceries,Checking
09/26/2024,Safeway,101.58,debit,Groceries,Silver Card
09/27/2024,Chipotle,15.66,debit,Fast Food,Silver Card
09/29/2024,Shell,29.65,debit,Gas & Fuel,Checking
10/02/2024,Trader Joe's,72.45,debit,Groceries,Silver Card
10/02/2024,Electric Company,22.47,debit,Utilities,Platinum Card
10/04/2024,Safeway,56.13,debit,Groceries,Checking
10/05/2024,AMC Theaters,45.68,debit,Entertainment,Savings
10/08/2024,AMC Theaters,96.84,debit,Entertainment,Silver Card
10/10/2024,Thai Restaurant,71.36,debit,Restaurants,Platinum Card
10/13/2024,Amazon Video,75.66,debit,Movies & DVDs,Checking
10/13/2024,AT&T Internet,108.58,debit,Internet,Silver Card
10/14/2024,Home Depot,124.66,debit,Home Improvement,Savings
10/16/2024,Target,52.63,debit,Shopping,Checking
10/19/2024,AMC Theaters,46.82,debit,Entertainment,Platinum Card
10/21/2024,Amazon Video,32.02,debit,Movies & DVDs,Platinum Card
10/21/2024,Direct Deposit,2547.11,credit,Paycheck,Silver Card
10/22/2024,Sushi Bar,18.13,debit,Restaurants,Savings
10/22/2024,Italian Bistro,75.18,debit,Restaurants,Platinum Card
10/25/2024,Amazon Video,63.75,debit,Movies & DVDs,Silver Card
10/27/2024,Barbershop,95.32,debit,Haircut,Silver Card
10/29/2024,Subway,20.57,debit,Fast Food,Checking
10/29/2024,Whole Foods,132.77,debit,Groceries,Silver Card
10/30/2024,Spotify,87.8,debit,Music,Savings
11/01/2024,AMC Theaters,67.67,debit,Entertainment,Savings
11/02/2024,Target,107.5,debit,Shopping,Platinum Card
11/02/2024,AMC Theaters,34.02,debit,Entertainment,Checking
11/03/2024,Whole Foods,108.4,debit,Groceries,Platinum Card
11/06/2024,State Farm,78.86,debit,Auto Insurance,Silver Card
11/07/2024,Trader Joe's,124.26,debit,Groceries,Savings
11/10/2024,Comcast,87.93,debit,Internet,Silver Card
11/11/2024,Subway,17.16,debit,Fast Food,Savings
11/14/2024,AT&T Internet,5.7,debit,Internet,Checking
11/15/2024,Electric Company,164.59,debit,Utilities,Silver Card
11/15/2024,Amazon,143.29,debit,Shopping,Platinum Card
11/18/2024,Target,35.04,debit,Shopping,Checking
11/19/2024,Payroll,2194.76,credit,Paycheck,Checking
11/20/2024,Electric Company,169.72,debit,Utilities,Platinum Card
11/23/2024,Sushi Bar,31.8,debit,Restaurants,Checking
11/26/2024,Target,125.58,debit,Shopping,Checking
11/28/2024,Electric Company,145.44,debit,Utilities,Savings
11/30/2024,AMC Theaters,142.31,debit,Entertainment,Savings
12/01/2024,Local Bar,109.94,debit,Alcohol & Bars,Silver Card
12/03/2024,Netflix,93.07,debit,Movies & DVDs,Silver Card
12/03/2024,Italian Bistro,44.08,debit,Restaurants,Savings
12/06/2024,Target,142.39,debit,Shopping,Silver Card
12/06/2024,McDonald's,27.66,debit,Fast Food,Silver Card
12/08/2024,Whole Foods,119.28,debit,Groceries,Savings
12/10/2024,Safeway,62.39,debit,Groceries,Platinum Card
12/13/2024,Water Company,184.56,debit,Utilities,Platinum Card
12/15/2024,Italian Bistro,71.62,debit,Restaurants,Silver Card
12/17/2024,Payroll,2938.62,credit,Paycheck,Checking
12/20/2024,Sushi Bar,39.83,debit,Restaurants,Platinum Card
12/20/2024,Local Bar,187.69,debit,Alcohol & Bars,Checking
12/22/2024,AT&T Internet,125.7,debit,Internet,Checking
12/25/2024,Thai Restaurant,61.05,debit,Restaurants,Checking
12/28/2024,Trader Joe's,112.61,debit,Groceries,Silver Card
12/29/2024,Thai Restaurant,52.21,debit,Restaurants,Platinum Card
12/30/2024,Thai Restaurant,63.07,debit,Restaurants,Checking
12/31/2024,Chevron,27.16,debit,Gas & Fuel,Platinum Card
01/01/2025,Subway,34.99,debit,Fast Food,Checking
01/02/2025,Whole Foods,96.91,debit,Groceries,Silver Card
01/05/2025,Peet's Coffee,124.56,debit,Coffee Shops,Silver Card
01/06/2025,Local Bar,144.55,debit,Alcohol & Bars,Silver Card
01/07/2025,Target,177.2,debit,Shopping,Savings
01/10/2025,Verizon,87.94,debit,Mobile Phone,Silver Card
01/11/2025,Sushi Bar,59.29,debit,Restaurants,Savings
01/12/2025,Shell,86.97,debit,Gas & Fuel,Silver Card
01/15/2025,McDonald's,67.34,debit,Fast Food,Savings
01/17/2025,Electric Company,51.36,debit,Utilities,Checking
01/17/2025,McDonald's,30.92,debit,Fast Food,Savings
01/17/2025,Subway,72.24,debit,Fast Food,Savings
01/19/2025,Shell,58.72,debit,Gas & Fuel,Savings
01/22/2025,Payroll,2342.54,credit,Paycheck,Platinum Card
01/23/2025,Water Company,116.05,debit,Utilities,Platinum Card
01/23/2025,Amazon,139.08,debit,Shopping,Savings
01/24/2025,State Farm,99.94,debit,Auto Insurance,Checking
01/27/2025,Amazon,25.29,debit,Shopping,Savings
01/27/2025,AT&T Internet,28.14,debit,Internet,Silver Card
01/28/2025,Italian Bistro,43.78,debit,Restaurants,Checking
01/30/2025,McDonald's,15.02,debit,Fast Food,Platinum Card
02/02/2025,Amazon,54.41,debit,Shopping,Savings
02/05/2025,Shell,78.38,debit,Gas & Fuel,Checking
02/05/2025,BP,50.01,debit,Gas & Fuel,Silver Card
02/05/2025,Whole Foods,120.21,debit,Groceries,Savings
02/05/2025,Trader Joe's,37.19,debit,Groceries,Silver Card
02/05/2025,Italian Bistro,25.46,debit,Restaurants,Silver Card
02/05/2025,BP,31.43,debit,Gas & Fuel,Platinum Card
02/06/2025,Starbucks,187.24,debit,Coffee Shops,Silver Card
02/07/2025,Home Depot,88.21,debit,Home Improvement,Platinum Card
02/08/2025,Amazon,25.64,debit,Shopping,Platinum Card
02/10/2025,Walmart,33.95,debit,Shopping,Savings
02/10/2025,Netflix,142.81,debit,Entertainment,Silver Card
02/11/2025,Verizon,190.32,debit,Mobile Phone,Platinum Card
02/11/2025,Electric Company,105.06,debit,Utilities,Savings
02/14/2025,Verizon,172.5,debit,Mobile Phone,Checking
02/17/2025,Comcast,136.93,debit,Internet,Savings
02/19/2025,Subway,25.35,debit,Fast Food,Checking
02/21/2025,Home Depot,129.91,debit,Home Improvement,Platinum Card
02/22/2025,Chevron,95.92,debit,Gas & Fuel,Savings
02/23/2025,Chevron,98.44,debit,Gas & Fuel,Platinum Card
02/24/2025,Thai Restaurant,10.85,debit,Restaurants,Checking
02/26/2025,Local Bar,42.46,debit,Alcohol & Bars,Silver Card
03/01/2025,Water Company,126.79,debit,Utilities,Platinum Card
03/03/2025,AT&T Internet,183.99,debit,Internet,Savings
03/06/2025,Chipotle,28.5,debit,Fast Food,Silver Card
03/06/2025,Walmart,177.93,debit,Shopping,Checking
03/07/2025,Walmart,153.05,debit,Shopping,Checking
03/08/2025,Barbershop,67.06,debit,Haircut,Checking
03/10/2025,Netflix,48.21,debit,Entertainment,Platinum Card
03/10/2025,Direct Deposit,2398.87,credit,Paycheck,Silver Card
03/12/2025,Amazon,119.89,debit,Shopping,Checking
03/13/2025,Sushi Bar,8.73,debit,Restaurants,Platinum Card
03/13/2025,Local Bar,143.75,debit,Alcohol & Bars,Platinum Card
03/14/2025,Chipotle,10.39,debit,Fast Food,Checking
03/17/2025,Whole Foods,22.91,debit,Groceries,Silver Card
03/19/2025,Electric Company,157.32,debit,Utilities,Platinum Card
03/22/2025,State Farm,168.81,debit,Auto Insurance,Platinum Card
03/24/2025,Spotify,17.74,debit,Music,Savings
03/26/2025,Netflix,191.6,debit,Entertainment,Savings
03/29/2025,AMC Theaters,12.67,debit,Entertainment,Checking
03/31/2025,Electric Company,191.31,debit,Utilities,Silver Card
04/02/2025,Starbucks,5.38,debit,Coffee Shops,Platinum Card
04/04/2025,State Farm,153.33,debit,Auto Insurance,Checking
04/05/2025,Walmart,68.5,debit,Shopping,Checking
04/07/2025,Sushi Bar,29.63,debit,Restaurants,Checking
04/09/2025,Peet's Coffee,9.77,debit,Coffee Shops,Checking
04/12/2025,Electric Company,146.16,debit,Utilities,Platinum Card
04/15/2025,Safeway,12.75,debit,Groceries,Checking
04/18/2025,Trader Joe's,51.0,debit,Groceries,Checking
04/20/2025,Netflix,155.73,debit,Movies & DVDs,Silver Card
04/20/2025,Shell,82.16,debit,Gas & Fuel,Checking
04/21/2025,Amazon,164.29,debit,Shopping,Savings
04/21/2025,Whole Foods,89.93,debit,Groceries,Savings
04/21/2025,Electric Company,80.21,debit,Utilities,Savings
04/23/2025,Walmart,46.08,debit,Shopping,Silver Card
04/23/2025,State Farm,186.31,debit,Auto Insurance,Checking
04/25/2025,Payroll,1986.92,credit,Paycheck,Savings
04/27/2025,Target,156.65,debit,Shopping,Savings
04/28/2025,Shell,77.36,debit,Gas & Fuel,Savings
04/29/2025,Amazon Video,48.77,debit,Movies & DVDs,Silver Card
04/30/2025,Peet's Coffee,31.04,debit,Coffee Shops,Platinum Card
04/30/2025,Electric Company,89.68,debit,Utilities,Checking
04/30/2025,Amazon Video,83.8,debit,Movies & DVDs,Checking
05/01/2025,Whole Foods,71.8,debit,Groceries,Platinum Card
05/04/2025,Verizon,24.47,debit,Mobile Phone,Platinum Card
05/07/2025,Chevron,72.47,debit,Gas & Fuel,Silver Card
05/09/2025,T-Mobile,34.02,debit,Mobile Phone,Silver Card
05/10/2025,Chipotle,31.01,debit,Fast Food,Savings
05/13/2025,Safeway,134.13,debit,Groceries,Platinum Card
05/13/2025,Whole Foods,30.71,debit,Groceries,Savings
05/13/2025,Netflix,132.4,debit,Entertainment,Silver Card
05/16/2025,Payroll,2672.69,credit,Paycheck,Checking
05/19/2025,Netflix,33.98,debit,Entertainment,Savings
05/20/2025,Local Bar,163.36,debit,Alcohol & Bars,Platinum Card
05/20/2025,Sushi Bar,33.5,debit,Restaurants,Platinum Card
05/21/2025,Verizon,136.2,debit,Mobile Phone,Checking
05/22/2025,State Farm,102.9,debit,Auto Insurance,Checking
05/25/2025,Payroll,2403.02,credit,Paycheck,Platinum Card
05/28/2025,Netflix,128.39,debit,Entertainment,Platinum Card
05/29/2025,Whole Foods,22.34,debit,Groceries,Savings
05/29/2025,Trader Joe's,122.04,debit,Groceries,Savings
05/30/2025,Starbucks,137.93,debit,Coffee Shops,Platinum Card
06/01/2025,Verizon,136.39,debit,Mobile Phone,Savings
06/02/2025,Italian Bistro,6.75,debit,Restaurants,Savings
06/04/2025,Local Bar,167.2,debit,Alcohol & Bars,Silver Card
06/06/2025,Netflix,127.42,debit,Entertainment,Silver Card
06/06/2025,BP,99.14,debit,Gas & Fuel,Platinum Card
06/09/2025,Trader Joe's,51.18,debit,Groceries,Platinum Card
06/10/2025,Chevron,31.22,debit,Gas & Fuel,Platinum Card
06/13/2025,Target,33.01,debit,Shopping,Platinum Card
06/13/2025,Water Company,122.22,debit,Utilities,Checking
06/15/2025,Chevron,56.69,debit,Gas & Fuel,Checking
06/15/2025,Shell,71.96,debit,Gas & Fuel,Checking
06/16/2025,Italian Bistro,12.07,debit,Restaurants,Savings
06/16/2025,BP,25.84,debit,Gas & Fuel,Platinum Card
06/19/2025,Sushi Bar,48.78,debit,Restaurants,Checking
06/19/2025,Verizon,145.95,debit,Mobile Phone,Savings
06/19/2025,AT&T Internet,91.18,debit,Internet,Platinum Card
06/22/2025,Spotify,94.13,debit,Music,Savings
06/24/2025,Italian Bistro,26.76,debit,Restaurants,Savings
06/27/2025,Safeway,137.97,debit,Groceries,Silver Card
06/29/2025,AMC Theaters,30.58,debit,Entertainment,Savings
06/30/2025,Chevron,89.62,debit,Gas & Fuel,Silver Card
07/02/2025,AT&T Internet,157.76,debit,Internet,Platinum Card
07/03/2025,Barbershop,159.53,debit,Haircut,Platinum Card
07/05/2025,Safeway,53.92,debit,Groceries,Platinum Card
07/05/2025,Local Bar,194.19,debit,Alcohol & Bars,Checking
07/07/2025,AT&T Internet,51.78,debit,Internet,Savings
07/09/2025,Thai Restaurant,18.78,debit,Restaurants,Checking
07/09/2025,Thai Restaurant,17.43,debit,Restaurants,Silver Card
07/11/2025,Home Depot,193.27,debit,Home Improvement,Platinum Card
07/14/2025,Trader Joe's,116.91,debit,Groceries,Silver Card
07/16/2025,Starbucks,52.12,debit,Coffee Shops,Silver Card
07/19/2025,Amazon Video,53.02,debit,Movies & DVDs,Silver Card
07/19/2025,Home Depot,62.44,debit,Home Improvement,Checking
07/22/2025,Netflix,50.43,debit,Entertainment,Platinum Card
07/24/2025,Peet's Coffee,108.53,debit,Coffee Shops,Savings
07/25/2025,Local Bar,78.69,debit,Alcohol & Bars,Checking
07/26/2025,Safeway,32.08,debit,Groceries,Savings
07/28/2025,Netflix,24.69,debit,Entertainment,Silver Card
07/29/2025,Starbucks,37.52,debit,Coffee Shops,Platinum Card
07/30/2025,McDonald's,53.29,debit,Fast Food,Savings
07/31/2025,State Farm,92.86,debit,Auto Insurance,Savings
07/31/2025,Shell,44.75,debit,Gas & Fuel,Platinum Card
08/02/2025,T-Mobile,112.67,debit,Mobile Phone,Platinum Card
08/04/2025,Netflix,24.12,debit,Entertainment,Platinum Card
08/04/2025,Italian Bistro,54.74,debit,Restaurants,Savings
08/07/2025,Target,83.61,debit,Shopping,Savings
08/10/2025,McDonald's,65.24,debit,Fast Food,Platinum Card
08/12/2025,Electric Company,101.17,debit,Utilities,Checking
08/15/2025,Trader Joe's,101.75,debit,Groceries,Savings
08/17/2025,Home Depot,100.56,debit,Home Improvement,Silver Card
08/18/2025,Local Bar,41.39,debit,Alcohol & Bars,Silver Card
08/18/2025,Home Depot,54.78,debit,Home Improvement,Checking
08/19/2025,Trader Joe's,20.75,debit,Groceries,Savings
08/22/2025,Home Depot,165.87,debit,Home Improvement,Checking
08/22/2025,Comcast,114.19,debit,Internet,Savings
08/25/2025,Sushi Bar,55.1,debit,Restaurants,Checking
08/25/2025,Barbershop,12.99,debit,Haircut,Platinum Card
08/26/2025,Safeway,88.7,debit,Groceries,Savings
08/26/2025,Amazon,178.38,debit,Shopping,Silver Card
08/27/2025,Sushi Bar,57.82,debit,Restaurants,Savings
08/30/2025,State Farm,182.83,debit,Auto Insurance,Savings
08/31/2025,Safeway,128.48,debit,Groceries,Platinum Card
08/31/2025,Walmart,78.22,debit,Shopping,Platinum Card
09/01/2025,Trader Joe's,100.89,debit,Groceries,Savings
09/03/2025,State Farm,101.2,debit,Auto Insurance,Platinum Card
09/03/2025,BP,84.81,debit,Gas & Fuel,Checking
09/03/2025,Amazon,189.07,debit,Shopping,Platinum Card
09/03/2025,Peet's Coffee,41.41,debit,Coffee Shops,Silver Card
09/06/2025,Peet's Coffee,142.85,debit,Coffee Shops,Platinum Card
09/06/2025,State Farm,14.23,debit,Auto Insurance,Silver Card
09/06/2025,Walmart,148.8,debit,Shopping,Checking
09/06/2025,Shell,78.07,debit,Gas & Fuel,Savings
09/08/2025,AMC Theaters,72.52,debit,Entertainment,Silver Card
09/11/2025,AT&T Internet,96.29,debit,Internet,Checking
09/14/2025,Italian Bistro,40.81,debit,Restaurants,Platinum Card
09/17/2025,Spotify,67.25,debit,Music,Checking
09/17/2025,BP,84.19,debit,Gas & Fuel,Savings
09/20/2025,Spotify,93.23,debit,Music,Silver Card
09/22/2025,Whole Foods,31.83,debit,Groceries,Platinum Card
09/23/2025,Direct Deposit,2827.97,credit,Paycheck,Silver Card
09/26/2025,Home Depot,68.18,debit,Home Improvement,Platinum Card
09/26/2025,Home Depot,80.81,debit,Home Improvement,Checking
09/26/2025,Payroll,2263.44,credit,Paycheck,Savings
09/29/2025,McDonald's,9.17,debit,Fast Food,Silver Card
09/30/2025,Netflix,186.6,debit,Entertainment,Savings
10/03/2025,Walmart,123.18,debit,Shopping,Silver Card
10/06/2025,Amazon,88.47,debit,Shopping,Checking
10/08/2025,Starbucks,92.05,debit,Coffee Shops,Silver Card
10/10/2025,Local Bar,30.24,debit,Alcohol & Bars,Checking
10/12/2025,Chevron,40.42,debit,Gas & Fuel,Silver Card
10/15/2025,Electric Company,5.83,debit,Utilities,Checking
10/15/2025,Target,23.56,debit,Shopping,Savings
10/15/2025,Local Bar,152.7,debit,Alcohol & Bars,Silver Card
10/18/2025,McDonald's,21.91,debit,Fast Food,Silver Card
10/19/2025,Verizon,125.13,debit,Mobile Phone,Savings
10/22/2025,McDonald's,49.26,debit,Fast Food,Savings
10/25/2025,T-Mobile,9.4,debit,Mobile Phone,Platinum Card
10/25/2025,Barbershop,90.86,debit,Haircut,Checking
10/28/2025,Target,24.25,debit,Shopping,Platinum Card
10/31/2025,Home Depot,165.5,debit,Home Improvement,Savings
10/31/2025,State Farm,98.93,debit,Auto Insurance,Checking
11/02/2025,AMC Theaters,196.37,debit,Entertainment,Silver Card
11/05/2025,AMC Theaters,38.06,debit,Entertainment,Checking
11/06/2025,Verizon,67.57,debit,Mobile Phone,Checking
11/06/2025,Netflix,40.22,debit,Movies & DVDs,Platinum Card
11/09/2025,Netflix,118.63,debit,Entertainment,Silver Card
11/12/2025,Direct Deposit,2967.46,credit,Paycheck,Savings
11/13/2025,Chevron,82.29,debit,Gas & Fuel,Platinum Card
11/13/2025,Subway,65.45,debit,Fast Food,Silver Card
11/16/2025,Italian Bistro,47.29,debit,Restaurants,Checking
11/16/2025,Whole Foods,65.31,debit,Groceries,Savings
11/18/2025,Verizon,112.07,debit,Mobile Phone,Savings
11/20/2025,Trader Joe's,99.53,debit,Groceries,Platinum Card
11/20/2025,AMC Theaters,33.71,debit,Entertainment,Platinum Card
11/21/2025,T-Mobile,11.15,debit,Mobile Phone,Platinum Card
11/23/2025,Netflix,139.62,debit,Entertainment,Silver Card
11/26/2025,Netflix,12.05,debit,Entertainment,Silver Card
11/28/2025,AMC Theaters,133.28,debit,Entertainment,Checking
11/30/2025,Italian Bistro,33.08,debit,Restaurants,Silver Card
12/01/2025,Thai Restaurant,61.74,debit,Restaurants,Silver Card
12/04/2025,Subway,75.32,debit,Fast Food,Silver Card
12/07/2025,AMC Theaters,16.78,debit,Entertainment,Savings
12/09/2025,BP,90.14,debit,Gas & Fuel,Savings
12/12/2025,Local Bar,90.27,debit,Alcohol & Bars,Savings
12/14/2025,AMC Theaters,97.36,debit,Entertainment,Silver Card
12/14/2025,McDonald's,69.08,debit,Fast Food,Silver Card
12/17/2025,Trader Joe's,145.71,debit,Groceries,Savings
12/20/2025,Italian Bistro,13.68,debit,Restaurants,Platinum Card
12/22/2025,Italian Bistro,5.07,debit,Restaurants,Savings
12/25/2025,Chevron,61.88,debit,Gas & Fuel,Platinum Card
12/28/2025,Spotify,165.76,debit,Music,Checking
12/28/2025,Safeway,145.38,debit,Groceries,Checking
12/29/2025,McDonald's,30.07,debit,Fast Food,Savings
01/01/2026,Whole Foods,134.71,debit,Groceries,Silver Card
01/02/2026,Netflix,87.42,debit,Entertainment,Savings
01/04/2026,Water Company,187.57,debit,Utilities,Checking
01/06/2026,Subway,73.95,debit,Fast Food,Savings
01/09/2026,Shell,69.72,debit,Gas & Fuel,Checking
01/09/2026,AMC Theaters,168.69,debit,Entertainment,Checking
01/11/2026,Direct Deposit,1964.07,credit,Paycheck,Platinum Card
01/12/2026,Water Company,87.83,debit,Utilities,Silver Card
01/13/2026,Italian Bistro,53.75,debit,Restaurants,Checking
01/16/2026,Thai Restaurant,47.9,debit,Restaurants,Savings
01/16/2026,Electric Company,179.46,debit,Utilities,Silver Card
01/17/2026,Whole Foods,16.52,debit,Groceries,Silver Card
01/17/2026,Whole Foods,141.19,debit,Groceries,Silver Card
01/17/2026,Verizon,107.95,debit,Mobile Phone,Savings
01/19/2026,Trader Joe's,17.61,debit,Groceries,Silver Card
01/20/2026,Whole Foods,58.61,debit,Groceries,Savings
01/22/2026,BP,91.27,debit,Gas & Fuel,Savings
01/23/2026,Local Bar,37.96,debit,Alcohol & Bars,Silver Card
01/24/2026,Verizon,139.44,debit,Mobile Phone,Checking
01/24/2026,Thai Restaurant,22.42,debit,Restaurants,Silver Card
01/25/2026,Amazon,75.09,debit,Shopping,Savings
01/27/2026,AMC Theaters,179.95,debit,Entertainment,Savings
01/29/2026,Water Company,156.13,debit,Utilities,Checking
01/31/2026,Sushi Bar,40.11,debit,Restaurants,Savings
02/03/2026,Peet's Coffee,150.25,debit,Coffee Shops,Silver Card
02/04/2026,Water Company,45.03,debit,Utilities,Savings
02/04/2026,Spotify,34.61,debit,Music,Checking
02/06/2026,Thai Restaurant,12.15,debit,Restaurants,Silver Card
02/08/2026,Shell,80.61,debit,Gas & Fuel,Checking
02/09/2026,AT&T Internet,30.54,debit,Internet,Savings
02/09/2026,Whole Foods,40.92,debit,Groceries,Silver Card
02/09/2026,Trader Joe's,92.91,debit,Groceries,Platinum Card
02/10/2026,Peet's Coffee,108.5,debit,Coffee Shops,Checking
02/11/2026,Amazon,84.11,debit,Shopping,Platinum Card
02/12/2026,T-Mobile,162.0,debit,Mobile Phone,Checking
02/13/2026,T-Mobile,125.39,debit,Mobile Phone,Platinum Card
02/16/2026,State Farm,96.07,debit,Auto Insurance,Platinum Card
02/17/2026,Barbershop,171.95,debit,Haircut,Savings
02/18/2026,Payroll,1843.25,credit,Paycheck,Silver Card
02/19/2026,Target,174.4,debit,Shopping,Checking
02/20/2026,Comcast,137.37,debit,Internet,Platinum Card
02/21/2026,Local Bar,188.48,debit,Alcohol & Bars,Checking
02/21/2026,Trader Joe's,118.45,debit,Groceries,Platinum Card
02/23/2026,Electric Company,197.85,debit,Utilities,Checking
02/24/2026,Electric Company,40.72,debit,Utilities,Checking
02/26/2026,Safeway,76.34,debit,Groceries,Savings
02/26/2026,Amazon,46.96,debit,Shopping,Checking
03/01/2026,Whole Foods,114.17,debit,Groceries,Checking
03/04/2026,Chipotle,14.89,debit,Fast Food,Savings
03/06/2026,Sushi Bar,50.14,debit,Restaurants,Platinum Card
03/09/2026,Barbershop,133.05,debit,Haircut,Savings
03/10/2026,Comcast,102.26,debit,Internet,Savings
03/13/2026,Home Depot,170.39,debit,Home Improvement,Savings
03/14/2026,AMC Theaters,66.89,debit,Entertainment,Silver Card
03/17/2026,Chevron,48.2,debit,Gas & Fuel,Savings
03/19/2026,Chevron,69.75,debit,Gas & Fuel,Silver Card
03/21/2026,BP,49.54,debit,Gas & Fuel,Silver Card
03/23/2026,BP,52.2,debit,Gas & Fuel,Platinum Card
03/25/2026,Whole Foods,82.61,debit,Groceries,Silver Card
03/25/2026,BP,44.48,debit,Gas & Fuel,Checking
03/27/2026,Peet's Coffee,172.32,debit,Coffee Shops,Platinum Card
03/29/2026,Amazon,108.97,debit,Shopping,Platinum Card
03/31/2026,Italian Bistro,24.24,debit,Restaurants,Checking
04/03/2026,Home Depot,192.01,debit,Home Improvement,Savings
04/06/2026,T-Mobile,22.82,debit,Mobile Phone,Savings
04/07/2026,Thai Restaurant,27.76,debit,Restaurants,Silver Card
04/10/2026,Target,174.17,debit,Shopping,Platinum Card
04/10/2026,Local Bar,126.84,debit,Alcohol & Bars,Platinum Card
04/11/2026,Peet's Coffee,48.12,debit,Coffee Shops,Savings
04/14/2026,Home Depot,168.25,debit,Home Improvement,Silver Card
04/15/2026,Sushi Bar,36.93,debit,Restaurants,Checking
04/16/2026,Safeway,61.54,debit,Groceries,Platinum Card
04/16/2026,Payroll,1901.28,credit,Paycheck,Platinum Card
04/18/2026,Whole Foods,18.12,debit,Groceries,Silver Card
04/19/2026,Whole Foods,131.65,debit,Groceries,Platinum Card
04/22/2026,Thai Restaurant,12.05,debit,Restaurants,Checking
04/22/2026,Thai Restaurant,79.56,debit,Restaurants,Silver Card
04/24/2026,Verizon,51.0,debit,Mobile Phone,Checking
04/24/2026,Thai Restaurant,37.57,debit,Restaurants,Silver Card
04/24/2026,BP,47.56,debit,Gas & Fuel,Checking
04/24/2026,Sushi Bar,34.04,debit,Restaurants,Checking
04/26/2026,Safeway,141.0,debit,Groceries,Savings
04/27/2026,Peet's Coffee,161.12,debit,Coffee Shops,Platinum Card
04/28/2026,Electric Company,123.7,debit,Utilities,Platinum Card
04/29/2026,T-Mobile,178.63,debit,Mobile Phone,Savings
04/29/2026,Whole Foods,90.18,debit,Groceries,Checking
05/02/2026,BP,68.91,debit,Gas & Fuel,Silver Card
05/05/2026,Local Bar,33.24,debit,Alcohol & Bars,Silver Card
05/07/2026,State Farm,79.26,debit,Auto Insurance,Savings
05/10/2026,Netflix,109.41,debit,Movies & DVDs,Savings
05/13/2026,Water Company,170.46,debit,Utilities,Silver Card
05/15/2026,Whole Foods,77.56,debit,Groceries,Checking
05/17/2026,Comcast,145.95,debit,Internet,Silver Card
05/17/2026,McDonald's,55.72,debit,Fast Food,Savings
05/17/2026,Sushi Bar,45.07,debit,Restaurants,Checking
05/19/2026,Trader Joe's,52.15,debit,Groceries,Savings
05/21/2026,Electric Company,119.9,debit,Utilities,Silver Card
05/22/2026,Water Company,101.94,debit,Utilities,Silver Card
05/25/2026,Netflix,105.63,debit,Movies & DVDs,Checking
05/27/2026,Netflix,42.82,debit,Entertainment,Silver Card
05/30/2026,Safeway,143.74,debit,Groceries,Platinum Card
05/31/2026,Barbershop,153.71,debit,Haircut,Silver Card
06/03/2026,Thai Restaurant,19.44,debit,Restaurants,Savings
06/03/2026,Safeway,122.35,debit,Groceries,Checking
06/05/2026,Amazon,5.48,debit,Shopping,Checking
06/06/2026,Peet's Coffee,85.75,debit,Coffee Shops,Checking
06/09/2026,AMC Theaters,127.45,debit,Entertainment,Savings
06/12/2026,Peet's Coffee,37.72,debit,Coffee Shops,Savings
06/13/2026,Safeway,96.84,debit,Groceries,Platinum Card
06/13/2026,AMC Theaters,146.18,debit,Entertainment,Savings
06/15/2026,Electric Company,50.25,debit,Utilities,Checking
06/18/2026,Trader Joe's,12.12,debit,Groceries,Savings
06/19/2026,Netflix,75.19,debit,Movies & DVDs,Checking
06/19/2026,Thai Restaurant,29.48,debit,Restaurants,Checking
06/21/2026,Target,70.38,debit,Shopping,Platinum Card
06/21/2026,Whole Foods,104.96,debit,Groceries,Platinum Card
06/24/2026,Whole Foods,75.72,debit,Groceries,Savings
06/26/2026,Safeway,149.61,debit,Groceries,Silver Card
06/28/2026,BP,76.57,debit,Gas & Fuel,Platinum Card
07/01/2026,Amazon,11.31,debit,Shopping,Silver Card
07/03/2026,BP,33.74,debit,Gas & Fuel,Platinum Card
07/04/2026,Netflix,172.43,debit,Entertainment,Checking
07/05/2026,AMC Theaters,68.93,debit,Entertainment,Checking
07/07/2026,Shell,59.04,debit,Gas & Fuel,Silver Card
07/08/2026,Barbershop,24.74,debit,Haircut,Platinum Card
07/09/2026,Thai Restaurant,75.64,debit,Restaurants,Checking
07/11/2026,Target,189.6,debit,Shopping,Savings
07/13/2026,Home Depot,125.01,debit,Home Improvement,Checking
07/14/2026,Amazon Video,41.48,debit,Movies & DVDs,Silver Card
07/14/2026,Peet's Coffee,153.59,debit,Coffee Shops,Checking
07/16/2026,Amazon Video,116.69,debit,Movies & DVDs,Savings
07/17/2026,Local Bar,95.0,debit,Alcohol & Bars,Silver Card
07/19/2026,Shell,44.39,debit,Gas & Fuel,Silver Card
07/19/2026,Trader Joe's,38.64,debit,Groceries,Platinum Card
07/22/2026,Netflix,144.2,debit,Entertainment,Silver Card
07/25/2026,Payroll,2653.65,credit,Paycheck,Platinum Card
07/25/2026,Comcast,44.9,debit,Internet,Silver Card
07/28/2026,Barbershop,149.97,debit,Haircut,Silver Card
07/31/2026,Electric Company,88.41,debit,Utilities,Platinum Card
07/31/2026,Subway,40.52,debit,Fast Food,Checking
08/03/2026,Local Bar,87.6,debit,Alcohol & Bars,Platinum Card
08/05/2026,Walmart,66.86,debit,Shopping,Silver Card
08/05/2026,Target,52.0,debit,Shopping,Checking
08/05/2026,McDonald's,37.87,debit,Fast Food,Savings
08/06/2026,Safeway,74.19,debit,Groceries,Silver Card
08/09/2026,Thai Restaurant,25.18,debit,Restaurants,Silver Card
08/10/2026,Comcast,137.8,debit,Internet,Silver Card
08/11/2026,AMC Theaters,21.7,debit,Entertainment,Savings
08/11/2026,Spotify,63.68,debit,Music,Silver Card
08/11/2026,AMC Theaters,50.71,debit,Entertainment,Savings
08/11/2026,State Farm,15.73,debit,Auto Insurance,Platinum Card
08/11/2026,Shell,94.43,debit,Gas & Fuel,Savings
08/14/2026,Thai Restaurant,28.09,debit,Restaurants,Platinum Card
08/15/2026,Electric Company,28.73,debit,Utilities,Checking
08/18/2026,Peet's Coffee,69.2,debit,Coffee Shops,Savings
08/19/2026,Trader Joe's,128.17,debit,Groceries,Checking
08/22/2026,Whole Foods,132.16,debit,Groceries,Savings
08/24/2026,Comcast,188.08,debit,Internet,Silver Card
08/25/2026,Safeway,123.31,debit,Groceries,Checking
08/28/2026,Peet's Coffee,168.09,debit,Coffee Shops,Savings
08/30/2026,Amazon Video,23.39,debit,Movies & DVDs,Savings
09/01/2026,Starbucks,76.82,debit,Coffee Shops,Savings
09/01/2026,Comcast,47.99,debit,Internet,Silver Card
09/01/2026,Amazon,22.88,debit,Shopping,Silver Card
09/01/2026,Walmart,199.13,debit,Shopping,Checking
09/03/2026,Electric Company,25.74,debit,Utilities,Savings
09/06/2026,Direct Deposit,2584.54,credit,Paycheck,Checking
09/09/2026,Safeway,23.18,debit,Groceries,Silver Card
09/11/2026,Target,52.92,debit,Shopping,Checking
09/14/2026,Shell,78.37,debit,Gas & Fuel,Savings
09/16/2026,Netflix,119.49,debit,Entertainment,Checking
09/18/2026,Electric Company,147.16,debit,Utilities,Savings
09/19/2026,Comcast,180.57,debit,Internet,Silver Card
09/21/2026,Subway,54.58,debit,Fast Food,Savings
09/21/2026,Water Company,196.6,debit,Utilities,Platinum Card
09/24/2026,Electric Company,127.66,debit,Utilities,Silver Card
09/24/2026,Verizon,154.1,debit,Mobile Phone,Platinum Card
09/27/2026,Home Depot,74.15,debit,Home Improvement,Silver Card
09/30/2026,Trader Joe's,116.44,debit,Groceries,Silver Card
09/30/2026,Thai Restaurant,71.47,debit,Restaurants,Platinum Card
09/30/2026,Comcast,178.31,debit,Internet,Checking
10/02/2026,Walmart,194.13,debit,Shopping,Platinum Card
10/05/2026,Water Company,197.99,debit,Utilities,Savings
10/08/2026,Electric Company,130.75,debit,Utilities,Checking
10/11/2026,Trader Joe's,113.02,debit,Groceries,Checking
10/13/2026,Target,102.3,debit,Shopping,Platinum Card
10/13/2026,Thai Restaurant,69.52,debit,Restaurants,Silver Card
10/15/2026,Whole Foods,11.18,debit,Groceries,Silver Card
10/17/2026,Whole Foods,121.44,debit,Groceries,Checking
10/18/2026,Amazon Video,22.01,debit,Movies & DVDs,Checking
10/19/2026,Comcast,67.8,debit,Internet,Savings
10/22/2026,Target,45.2,debit,Shopping,Platinum Card
10/24/2026,Direct Deposit,2519.21,credit,Paycheck,Checking
10/24/2026,Electric Company,75.55,debit,Utilities,Silver Card
10/25/2026,McDonald's,34.66,debit,Fast Food,Savings
10/27/2026,Sushi Bar,24.56,debit,Restaurants,Silver Card
10/27/2026,Italian Bistro,66.16,debit,Restaurants,Savings
10/29/2026,BP,58.81,debit,Gas & Fuel,Silver Card
10/29/2026,Local Bar,191.73,debit,Alcohol & Bars,Silver Card
11/01/2026,Starbucks,91.77,debit,Coffee Shops,Platinum Card
11/04/2026,Home Depot,33.69,debit,Home Improvement,Checking
11/05/2026,Italian Bistro,31.02,debit,Restaurants,Platinum Card
11/07/2026,Walmart,33.8,debit,Shopping,Silver Card
11/07/2026,Home Depot,184.42,debit,Home Improvement,Checking
11/09/2026,Amazon,146.3,debit,Shopping,Platinum Card
11/10/2026,Starbucks,49.17,debit,Coffee Shops,Platinum Card
11/11/2026,Local Bar,5.2,debit,Alcohol & Bars,Savings
11/13/2026,Trader Joe's,39.51,debit,Groceries,Checking
11/13/2026,Shell,22.57,debit,Gas & Fuel,Platinum Card
11/15/2026,Trader Joe's,74.71,debit,Groceries,Silver Card
11/17/2026,Chevron,96.13,debit,Gas & Fuel,Savings
11/17/2026,Spotify,48.41,debit,Music,Silver Card
11/20/2026,Peet's Coffee,149.25,debit,Coffee Shops,Savings
11/23/2026,Direct Deposit,2951.59,credit,Paycheck,Savings
11/25/2026,Safeway,19.91,debit,Groceries,Checking
11/25/2026,Safeway,89.09,debit,Groceries,Savings
11/25/2026,Thai Restaurant,77.21,debit,Restaurants,Checking
11/25/2026,Verizon,194.88,debit,Mobile Phone,Savings
11/27/2026,Trader Joe's,31.57,debit,Groceries,Platinum Card
11/29/2026,Trader Joe's,63.65,debit,Groceries,Checking
12/02/2026,Home Depot,108.49,debit,Home Improvement,Platinum Card
12/02/2026,Water Company,30.76,debit,Utilities,Savings
12/02/2026,Italian Bistro,44.8,debit,Restaurants,Silver Card
12/05/2026,Target,63.5,debit,Shopping,Silver Card
12/06/2026,BP,49.76,debit,Gas & Fuel,Savings
12/06/2026,Water Company,113.58,debit,Utilities,Savings
12/06/2026,Subway,75.48,debit,Fast Food,Platinum Card
12/09/2026,Netflix,48.35,debit,Entertainment,Savings
12/09/2026,Starbucks,71.0,debit,Coffee Shops,Platinum Card
12/11/2026,Peet's Coffee,164.93,debit,Coffee Shops,Checking
12/11/2026,Thai Restaurant,32.49,debit,Restaurants,Checking
12/11/2026,Trader Joe's,23.25,debit,Groceries,Savings
12/11/2026,Electric Company,116.05,debit,Utilities,Silver Card
12/13/2026,AT&T Internet,159.39,debit,Internet,Silver Card
12/15/2026,Starbucks,36.45,debit,Coffee Shops,Platinum Card
12/15/2026,Starbucks,33.38,debit,Coffee Shops,Platinum Card
12/18/2026,Home Depot,135.6,debit,Home Improvement,Silver Card
12/20/2026,Italian Bistro,8.38,debit,Restaurants,Checking
12/20/2026,Italian Bistro,36.16,debit,Restaurants,Silver Card
12/22/2026,Amazon,16.03,debit,Shopping,Checking
12/23/2026,Walmart,87.67,debit,Shopping,Platinum Card
12/23/2026,Sushi Bar,70.93,debit,Restaurants,Silver Card
12/26/2026,Starbucks,75.86,debit,Coffee Shops,Silver Card
12/28/2026,AMC Theaters,185.58,debit,Entertainment,Checking
12/31/2026,Trader Joe's,13.11,debit,Groceries,Silver Card
01/03/2027,Netflix,52.2,debit,Entertainment,Silver Card
01/06/2027,AMC Theaters,122.76,debit,Entertainment,Silver Card
01/07/2027,Amazon Video,141.68,debit,Movies & DVDs,Silver Card
01/10/2027,Sushi Bar,58.96,debit,Restaurants,Platinum Card
01/12/2027,Safeway,93.64,debit,Groceries,Checking
01/15/2027,Walmart,142.59,debit,Shopping,Savings
01/15/2027,Electric Company,194.5,debit,Utilities,Checking
01/15/2027,Netflix,40.36,debit,Entertainment,Platinum Card
01/18/2027,Barbershop,178.49,debit,Haircut,Savings
01/21/2027,Netflix,193.47,debit,Entertainment,Savings
01/24/2027,Safeway,105.09,debit,Groceries,Silver Card
01/27/2027,Netflix,95.04,debit,Movies & DVDs,Savings
01/30/2027,Electric Company,44.6,debit,Utilities,Savings
02/01/2027,T-Mobile,177.37,debit,Mobile Phone,Savings
02/02/2027,Starbucks,79.07,debit,Coffee Shops,Silver Card
02/03/2027,Whole Foods,110.9,debit,Groceries,Savings
02/06/2027,Sushi Bar,69.72,debit,Restaurants,Platinum Card
02/07/2027,AT&T Internet,26.57,debit,Internet,Platinum Card
02/08/2027,Subway,27.51,debit,Fast Food,Silver Card
02/11/2027,Barbershop,17.99,debit,Haircut,Savings
02/13/2027,Thai Restaurant,71.65,debit,Restaurants,Checking
02/13/2027,Comcast,144.76,debit,Internet,Savings
02/14/2027,Chevron,78.28,debit,Gas & Fuel,Silver Card
02/15/2027,Sushi Bar,61.46,debit,Restaurants,Platinum Card
02/16/2027,Electric Company,194.17,debit,Utilities,Platinum Card
02/18/2027,Subway,35.7,debit,Fast Food,Checking
02/18/2027,Thai Restaurant,11.47,debit,Restaurants,Checking
02/20/2027,Netflix,51.68,debit,Movies & DVDs,Checking
02/23/2027,Verizon,138.42,debit,Mobile Phone,Silver Card
02/25/2027,Trader Joe's,61.57,debit,Groceries,Platinum Card
02/28/2027,Water Company,136.17,debit,Utilities,Silver Card
03/01/2027,Italian Bistro,69.49,debit,Restaurants,Silver Card
03/04/2027,Payroll,1932.16,credit,Paycheck,Checking
03/06/2027,Starbucks,23.83,debit,Coffee Shops,Savings
03/09/2027,Italian Bistro,74.21,debit,Restaurants,Checking
03/10/2027,Trader Joe's,82.07,debit,Groceries,Checking
03/12/2027,Shell,84.49,debit,Gas & Fuel,Checking
03/15/2027,Thai Restaurant,68.59,debit,Restaurants,Platinum Card
03/17/2027,Trader Joe's,134.85,debit,Groceries,Silver Card
03/17/2027,Netflix,55.38,debit,Entertainment,Checking
03/19/2027,AT&T Internet,92.47,debit,Internet,Platinum Card
03/21/2027,Chevron,63.5,debit,Gas & Fuel,Platinum Card
03/24/2027,Direct Deposit,2079.48,credit,Paycheck,Checking
03/24/2027,T-Mobile,198.67,debit,Mobile Phone,Savings
03/24/2027,Shell,43.94,debit,Gas & Fuel,Savings
03/26/2027,Shell,75.99,debit,Gas & Fuel,Platinum Card
03/26/2027,Target,73.65,debit,Shopping,Checking
03/28/2027,Starbucks,186.32,debit,Coffee Shops,Platinum Card
03/30/2027,Comcast,106.84,debit,Internet,Savings
04/02/2027,Target,90.99,debit,Shopping,Checking
04/05/2027,Electric Company,177.62,debit,Utilities,Silver Card
04/07/2027,Target,34.97,debit,Shopping,Platinum Card
04/07/2027,AMC Theaters,89.81,debit,Entertainment,Checking
04/08/2027,State Farm,42.01,debit,Auto Insurance,Platinum Card
04/10/2027,Verizon,131.95,debit,Mobile Phone,Silver Card
04/13/2027,Sushi Bar,39.09,debit,Restaurants,Checking
04/14/2027,AMC Theaters,100.49,debit,Entertainment,Savings
04/17/2027,Amazon,37.77,debit,Shopping,Savings
04/19/2027,Spotify,136.3,debit,Music,Silver Card
04/22/2027,Water Company,7.07,debit,Utilities,Checking
04/24/2027,Target,102.34,debit,Shopping,Savings
04/24/2027,BP,42.82,debit,Gas & Fuel,Checking
04/24/2027,Comcast,116.14,debit,Internet,Platinum Card
04/24/2027,Shell,55.75,debit,Gas & Fuel,Checking
04/24/2027,Target,164.49,debit,Shopping,Silver Card
04/24/2027,Trader Joe's,140.69,debit,Groceries,Savings
04/24/2027,Target,172.26,debit,Shopping,Silver Card
04/26/2027,Barbershop,65.24,debit,Haircut,Silver Card
04/26/2027,Walmart,152.29,debit,Shopping,Savings
04/29/2027,AT&T Internet,47.47,debit,Internet,Checking
05/01/2027,Safeway,51.97,debit,Groceries,Silver Card
05/02/2027,Walmart,91.71,debit,Shopping,Checking
05/03/2027,Italian Bistro,49.56,debit,Restaurants,Savings
05/04/2027,Netflix,16.18,debit,Entertainment,Silver Card
05/05/2027,Spotify,151.86,debit,Music,Platinum Card
05/08/2027,Target,84.32,debit,Shopping,Checking
05/09/2027,Netflix,45.77,debit,Entertainment,Savings
05/12/2027,Starbucks,18.04,debit,Coffee Shops,Checking
05/14/2027,Target,180.32,debit,Shopping,Checking
05/14/2027,Electric Company,153.61,debit,Utilities,Platinum Card
05/16/2027,Spotify,172.82,debit,Music,Checking
05/18/2027,Peet's Coffee,70.37,debit,Coffee Shops,Checking
05/19/2027,Target,172.52,debit,Shopping,Platinum Card
05/22/2027,BP,69.87,debit,Gas & Fuel,Silver Card
05/22/2027,Home Depot,110.85,debit,Home Improvement,Checking
05/24/2027,Safeway,24.94,debit,Groceries,Savings
05/26/2027,Whole Foods,93.84,debit,Groceries,Checking
05/29/2027,Amazon Video,93.04,debit,Movies & DVDs,Checking
06/01/2027,Verizon,50.79,debit,Mobile Phone,Checking
06/01/2027,AMC Theaters,94.47,debit,Entertainment,Platinum Card
06/01/2027,Verizon,109.08,debit,Mobile Phone,Silver Card
06/04/2027,Electric Company,52.72,debit,Utilities,Platinum Card
06/04/2027,Shell,71.24,debit,Gas & Fuel,Savings
06/05/2027,BP,52.79,debit,Gas & Fuel,Savings
06/07/2027,Italian Bistro,9.87,debit,Restaurants,Savings
06/08/2027,Whole Foods,115.57,debit,Groceries,Checking
06/08/2027,Netflix,147.12,debit,Entertainment,Checking
06/08/2027,BP,59.05,debit,Gas & Fuel,Checking
06/10/2027,Direct Deposit,2494.13,credit,Paycheck,Platinum Card
06/13/2027,McDonald's,18.77,debit,Fast Food,Savings
06/15/2027,Target,145.56,debit,Shopping,Checking
06/16/2027,Safeway,145.19,debit,Groceries,Platinum Card
06/19/2027,Chevron,33.86,debit,Gas & Fuel,Platinum Card
06/19/2027,Comcast,112.39,debit,Internet,Savings
06/22/2027,Electric Company,101.36,debit,Utilities,Silver Card
06/22/2027,Peet's Coffee,182.06,debit,Coffee Shops,Savings
06/23/2027,Chevron,85.45,debit,Gas & Fuel,Silver Card
06/24/2027,BP,44.59,debit,Gas & Fuel,Checking
06/26/2027,AT&T Internet,78.15,debit,Internet,Savings
06/26/2027,Chevron,74.51,debit,Gas & Fuel,Platinum Card
06/29/2027,Starbucks,91.78,debit,Coffee Shops,Checking
06/30/2027,Subway,65.27,debit,Fast Food,Silver Card
07/03/2027,Trader Joe's,56.67,debit,Groceries,Silver Card
07/04/2027,Walmart,47.47,debit,Shopping,Silver Card
07/04/2027,Verizon,77.52,debit,Mobile Phone,Savings
07/07/2027,Direct Deposit,2565.02,credit,Paycheck,Platinum Card
07/10/2027,Safeway,123.35,debit,Groceries,Silver Card
07/10/2027,Electric Company,179.64,debit,Utilities,Savings
07/11/2027,McDonald's,45.66,debit,Fast Food,Savings
07/13/2027,Electric Company,98.09,debit,Utilities,Platinum Card
07/15/2027,Home Depot,173.09,debit,Home Improvement,Silver Card
07/15/2027,Verizon,106.6,debit,Mobile Phone,Savings
07/18/2027,Water Company,149.57,debit,Utilities,Platinum Card
07/18/2027,AMC Theaters,101.35,debit,Entertainment,Checking
07/19/2027,Direct Deposit,2781.83,credit,Paycheck,Savings
07/22/2027,Water Company,40.79,debit,Utilities,Silver Card
07/23/2027,AT&T Internet,66.33,debit,Internet,Savings
07/24/2027,Starbucks,176.97,debit,Coffee Shops,Silver Card
07/24/2027,Walmart,26.87,debit,Shopping,Checking
07/24/2027,Whole Foods,52.04,debit,Groceries,Platinum Card
07/25/2027,State Farm,121.65,debit,Auto Insurance,Checking
07/26/2027,Safeway,129.06,debit,Groceries,Platinum Card
07/29/2027,Water Company,133.35,debit,Utilities,Checking
07/30/2027,Amazon,126.56,debit,Shopping,Platinum Card
07/30/2027,Trader Joe's,12.04,debit,Groceries,Savings
07/31/2027,BP,76.03,debit,Gas & Fuel,Checking
08/02/2027,Safeway,145.89,debit,Groceries,Platinum Card
08/05/2027,Target,181.3,debit,Shopping,Checking
08/06/2027,Italian Bistro,64.1,debit,Restaurants,Savings
08/06/2027,Subway,69.23,debit,Fast Food,Silver Card
08/09/2027,T-Mobile,110.85,debit,Mobile Phone,Platinum Card
08/10/2027,Trader Joe's,21.14,debit,Groceries,Platinum Card
08/10/2027,Safeway,10.27,debit,Groceries,Platinum Card
08/13/2027,Target,132.47,debit,Shopping,Platinum Card
08/13/2027,AMC Theaters,144.25,debit,Entertainment,Checking
08/13/2027,Payroll,2774.97,credit,Paycheck,Platinum Card
08/13/2027,Target,64.64,debit,Shopping,Silver Card
08/13/2027,Sushi Bar,25.61,debit,Restaurants,Silver Card
08/16/2027,Local Bar,44.09,debit,Alcohol & Bars,Savings
08/17/2027,Whole Foods,40.31,debit,Groceries,Silver Card
08/18/2027,Thai Restaurant,10.84,debit,Restaurants,Savings
08/18/2027,Trader Joe's,75.99,debit,Groceries,Checking
08/18/2027,Starbucks,165.28,debit,Coffee Shops,Platinum Card
08/18/2027,Chevron,95.84,debit,Gas & Fuel,Silver Card
08/20/2027,Thai Restaurant,47.61,debit,Restaurants,Silver Card
08/23/2027,AMC Theaters,198.69,debit,Entertainment,Checking
08/25/2027,Target,34.82,debit,Shopping,Silver Card
08/28/2027,Trader Joe's,131.53,debit,Groceries,Silver Card
08/30/2027,Barbershop,152.56,debit,Haircut,Platinum Card
09/01/2027,Chipotle,56.57,debit,Fast Food,Silver Card
09/01/2027,Whole Foods,136.76,debit,Groceries,Savings
09/04/2027,Trader Joe's,52.37,debit,Groceries,Savings
09/07/2027,Home Depot,8.44,debit,Home Improvement,Platinum Card
09/08/2027,McDonald's,23.74,debit,Fast Food,Platinum Card
09/09/2027,AT&T Internet,118.2,debit,Internet,Silver Card
09/10/2027,Netflix,135.31,debit,Entertainment,Savings
09/10/2027,Target,127.27,debit,Shopping,Checking
09/11/2027,McDonald's,66.94,debit,Fast Food,Platinum Card
09/14/2027,Trader Joe's,83.41,debit,Groceries,Platinum Card
09/15/2027,Subway,44.61,debit,Fast Food,Silver Card
09/16/2027,Verizon,172.16,debit,Mobile Phone,Platinum Card
09/17/2027,Whole Foods,104.55,debit,Groceries,Platinum Card
09/18/2027,Starbucks,152.0,debit,Coffee Shops,Silver Card
09/20/2027,Comcast,142.2,debit,Internet,Platinum Card
09/23/2027,Walmart,46.48,debit,Shopping,Checking
09/26/2027,Safeway,65.01,debit,Groceries,Savings
09/26/2027,Water Company,75.83,debit,Utilities,Checking
09/27/2027,Chevron,59.0,debit,Gas & Fuel,Platinum Card
09/30/2027,Thai Restaurant,45.74,debit,Restaurants,Savings
10/03/2027,AMC Theaters,173.04,debit,Entertainment,Savings
10/05/2027,BP,80.12,debit,Gas & Fuel,Silver Card
10/05/2027,Comcast,142.49,debit,Internet,Checking
10/06/2027,Verizon,153.93,debit,Mobile Phone,Silver Card
10/08/2027,Amazon Video,164.25,debit,Movies & DVDs,Silver Card
10/08/2027,Starbucks,169.08,debit,Coffee Shops,Savings
10/09/2027,T-Mobile,16.72,debit,Mobile Phone,Silver Card
10/11/2027,Sushi Bar,55.85,debit,Restaurants,Checking
10/12/2027,Thai Restaurant,76.53,debit,Restaurants,Checking
10/13/2027,Shell,66.25,debit,Gas & Fuel,Platinum Card
10/16/2027,AT&T Internet,161.95,debit,Internet,Platinum Card
10/16/2027,Whole Foods,92.43,debit,Groceries,Silver Card
10/19/2027,Safeway,49.47,debit,Groceries,Checking
10/21/2027,Spotify,51.93,debit,Music,Checking
10/21/2027,Walmart,147.35,debit,Shopping,Checking
10/23/2027,AT&T Internet,59.21,debit,Internet,Savings
10/24/2027,Sushi Bar,48.88,debit,Restaurants,Savings
10/26/2027,Water Company,149.28,debit,Utilities,Silver Card
10/28/2027,Direct Deposit,2204.71,credit,Paycheck,Savings
10/29/2027,AT&T Internet,62.97,debit,Internet,Silver Card
11/01/2027,AT&T Internet,13.38,debit,Internet,Checking
11/04/2027,Target,141.02,debit,Shopping,Platinum Card
11/06/2027,Barbershop,74.59,debit,Haircut,Silver Card
11/08/2027,Thai Restaurant,64.71,debit,Restaurants,Checking
11/09/2027,Starbucks,92.55,debit,Coffee Shops,Platinum Card
11/10/2027,Subway,38.55,debit,Fast Food,Silver Card
11/12/2027,Target,199.18,debit,Shopping,Silver Card
11/15/2027,Direct Deposit,1839.53,credit,Paycheck,Checking
11/15/2027,Water Company,197.16,debit,Utilities,Checking
11/17/2027,Amazon Video,123.27,debit,Movies & DVDs,Silver Card
11/19/2027,Home Depot,145.23,debit,Home Improvement,Platinum Card
11/19/2027,Shell,76.56,debit,Gas & Fuel,Checking
11/21/2027,Italian Bistro,69.62,debit,Restaurants,Silver Card
11/24/2027,Water Company,173.24,debit,Utilities,Checking
11/26/2027,Netflix,136.52,debit,Movies & DVDs,Platinum Card
11/28/2027,Italian Bistro,70.69,debit,Restaurants,Checking
11/29/2027,Subway,41.64,debit,Fast Food,Checking
12/02/2027,AMC Theaters,25.09,debit,Entertainment,Silver Card
12/03/2027,Safeway,51.75,debit,Groceries,Savings
12/04/2027,Chevron,67.88,debit,Gas & Fuel,Savings
12/05/2027,Italian Bistro,43.51,debit,Restaurants,Platinum Card
12/07/2027,BP,24.98,debit,Gas & Fuel,Platinum Card
12/08/2027,Italian Bistro,59.73,debit,Restaurants,Silver Card
12/09/2027,Amazon,182.59,debit,Shopping,Silver Card
12/10/2027,AMC Theaters,174.94,debit,Entertainment,Checking
12/11/2027,Starbucks,33.38,debit,Coffee Shops,Savings
12/13/2027,Safeway,27.01,debit,Groceries,Platinum Card
12/13/2027,Thai Restaurant,31.88,debit,Restaurants,Platinum Card
12/16/2027,Verizon,118.1,debit,Mobile Phone,Silver Card
12/16/2027,Local Bar,186.64,debit,Alcohol & Bars,Savings
12/17/2027,Sushi Bar,32.71,debit,Restaurants,Savings
12/19/2027,Comcast,50.01,debit,Internet,Platinum Card
12/22/2027,Local Bar,139.31,debit,Alcohol & Bars,Checking
12/25/2027,Water Company,83.68,debit,Utilities,Checking
12/26/2027,McDonald's,17.92,debit,Fast Food,Savings
12/26/2027,McDonald's,23.12,debit,Fast Food,Savings
12/28/2027,Sushi Bar,76.67,debit,Restaurants,Silver Card
12/30/2027,BP,24.07,debit,Gas & Fuel,Platinum Card
12/30/2027,Barbershop,16.93,debit,Haircut,Silver Card
12/30/2027,Target,171.79,debit,Shopping,Savings
12/30/2027,Trader Joe's,50.78,debit,Groceries,Savings
12/31/2027,Sushi Bar,45.69,debit,Restaurants,Platinum Card
01/02/2028,Home Depot,128.95,debit,Home Improvement,Savings
01/05/2028,Amazon Video,132.67,debit,Movies & DVDs,Checking
01/06/2028,Home Depot,12.82,debit,Home Improvement,Silver Card
01/07/2028,AT&T Internet,113.57,debit,Internet,Silver Card
01/09/2028,AT&T Internet,61.57,debit,Internet,Checking
01/11/2028,Electric Company,194.94,debit,Utilities,Silver Card
01/11/2028,Peet's Coffee,123.07,debit,Coffee Shops,Savings
01/12/2028,Netflix,133.38,debit,Movies & DVDs,Silver Card
01/13/2028,AMC Theaters,105.79,debit,Entertainment,Silver Card
01/15/2028,AT&T Internet,60.73,debit,Internet,Savings
01/15/2028,Water Company,14.5,debit,Utilities,Platinum Card
01/15/2028,Italian Bistro,6.36,debit,Restaurants,Silver Card
01/18/2028,Payroll,2544.85,credit,Paycheck,Silver Card
01/18/2028,Sushi Bar,29.66,debit,Restaurants,Silver Card
01/19/2028,Sushi Bar,24.3,debit,Restaurants,Savings
01/19/2028,Chevron,55.97,debit,Gas & Fuel,Checking
01/20/2028,AMC Theaters,37.45,debit,Entertainment,Checking
01/23/2028,Home Depot,94.02,debit,Home Improvement,Savings
01/26/2028,McDonald's,50.41,debit,Fast Food,Savings
01/29/2028,BP,68.13,debit,Gas & Fuel,Checking
01/29/2028,Starbucks,8.2,debit,Coffee Shops,Silver Card
02/01/2028,Amazon Video,188.51,debit,Movies & DVDs,Savings
02/01/2028,Water Company,41.54,debit,Utilities,Savings
02/03/2028,Starbucks,120.11,debit,Coffee Shops,Savings
02/06/2028,Thai Restaurant,28.28,debit,Restaurants,Silver Card
02/07/2028,Subway,34.83,debit,Fast Food,Savings
02/08/2028,Italian Bistro,17.88,debit,Restaurants,Silver Card
02/08/2028,Starbucks,14.04,debit,Coffee Shops,Savings
02/08/2028,Chipotle,48.9,debit,Fast Food,Platinum Card
02/10/2028,Italian Bistro,33.77,debit,Restaurants,Savings
02/13/2028,Amazon,157.25,debit,Shopping,Platinum Card
02/16/2028,Netflix,102.45,debit,Entertainment,Savings
02/18/2028,T-Mobile,35.24,debit,Mobile Phone,Platinum Card
02/19/2028,Payroll,2521.4,credit,Paycheck,Savings
02/22/2028,Trader Joe's,72.3,debit,Groceries,Savings
02/24/2028,Walmart,63.53,debit,Shopping,Platinum Card
02/27/2028,Direct Deposit,2932.88,credit,Paycheck,Silver Card
02/27/2028,AT&T Internet,97.87,debit,Internet,Silver Card
03/01/2028,State Farm,153.03,debit,Auto Insurance,Silver Card
03/04/2028,Chevron,42.08,debit,Gas & Fuel,Savings
03/07/2028,Subway,57.87,debit,Fast Food,Checking
03/09/2028,Thai Restaurant,60.21,debit,Restaurants,Checking
03/12/2028,Water Company,176.01,debit,Utilities,Silver Card
03/15/2028,Direct Deposit,2940.11,credit,Paycheck,Platinum Card
03/15/2028,Shell,20.42,debit,Gas & Fuel,Savings
03/17/2028,Italian Bistro,63.81,debit,Restaurants,Platinum Card
03/20/2028,Target,121.04,debit,Shopping,Checking
03/21/2028,AMC Theaters,92.12,debit,Entertainment,Checking
03/24/2028,Target,18.12,debit,Shopping,Savings
03/27/2028,Chevron,45.8,debit,Gas & Fuel,Silver Card
03/30/2028,Trader Joe's,35.53,debit,Groceries,Silver Card
03/31/2028,Verizon,65.9,debit,Mobile Phone,Platinum Card
04/02/2028,Barbershop,185.37,debit,Haircut,Silver Card
04/05/2028,Verizon,145.99,debit,Mobile Phone,Checking
04/05/2028,BP,48.34,debit,Gas & Fuel,Silver Card
04/08/2028,Payroll,2508.03,credit,Paycheck,Silver Card
04/11/2028,Comcast,144.6,debit,Internet,Silver Card
04/13/2028,Whole Foods,124.3,debit,Groceries,Savings
04/14/2028,Starbucks,68.57,debit,Coffee Shops,Checking
04/17/2028,Barbershop,140.78,debit,Haircut,Savings
04/18/2028,Local Bar,64.24,debit,Alcohol & Bars,Checking
04/21/2028,Home Depot,195.82,debit,Home Improvement,Platinum Card
04/23/2028,Home Depot,28.22,debit,Home Improvement,Silver Card
04/26/2028,State Farm,5.68,debit,Auto Insurance,Silver Card
04/29/2028,Electric Company,27.21,debit,Utilities,Checking
05/01/2028,T-Mobile,54.44,debit,Mobile Phone,Silver Card
05/02/2028,State Farm,59.94,debit,Auto Insurance,Savings
05/05/2028,Starbucks,99.19,debit,Coffee Shops,Platinum Card
05/08/2028,BP,31.46,debit,Gas & Fuel,Savings
05/10/2028,Thai Restaurant,63.98,debit,Restaurants,Silver Card
05/12/2028,Subway,63.96,debit,Fast Food,Platinum Card
05/12/2028,Whole Foods,122.5,debit,Groceries,Silver Card
05/15/2028,Verizon,102.5,debit,Mobile Phone,Platinum Card
05/15/2028,Peet's Coffee,148.37,debit,Coffee Shops,Checking
05/16/2028,BP,33.97,debit,Gas & Fuel,Checking
05/19/2028,Trader Joe's,37.01,debit,Groceries,Platinum Card
05/21/2028,Target,122.58,debit,Shopping,Platinum Card
05/21/2028,Target,66.75,debit,Shopping,Silver Card
05/23/2028,State Farm,167.58,debit,Auto Insurance,Savings
05/23/2028,Spotify,5.55,debit,Music,Platinum Card
05/25/2028,Target,125.26,debit,Shopping,Savings
05/26/2028,Thai Restaurant,36.8,debit,Restaurants,Savings
05/28/2028,Starbucks,145.98,debit,Coffee Shops,Silver Card
05/28/2028,Netflix,82.48,debit,Entertainment,Silver Card
05/29/2028,Target,147.74,debit,Shopping,Savings
05/30/2028,Verizon,96.76,debit,Mobile Phone,Checking
05/31/2028,Safeway,57.43,debit,Groceries,Platinum Card
05/31/2028,Sushi Bar,25.35,debit,Restaurants,Checking
05/31/2028,Safeway,148.06,debit,Groceries,Checking
06/02/2028,Netflix,28.9,debit,Entertainment,Silver Card
06/04/2028,Local Bar,64.19,debit,Alcohol & Bars,Savings
06/07/2028,Spotify,149.7,debit,Music,Checking
06/07/2028,AT&T Internet,173.52,debit,Internet,Savings
06/10/2028,Home Depot,68.42,debit,Home Improvement,Platinum Card
06/13/2028,AMC Theaters,9.8,debit,Entertainment,Checking
06/13/2028,Safeway,61.02,debit,Groceries,Savings
06/15/2028,Italian Bistro,48.23,debit,Restaurants,Savings
06/15/2028,Sushi Bar,36.45,debit,Restaurants,Savings
06/17/2028,Electric Company,10.68,debit,Utilities,Platinum Card
06/20/2028,Safeway,17.94,debit,Groceries,Savings
06/21/2028,Verizon,67.99,debit,Mobile Phone,Savings
06/24/2028,Safeway,54.65,debit,Groceries,Silver Card
06/26/2028,Electric Company,185.34,debit,Utilities,Platinum Card
06/28/2028,Netflix,170.02,debit,Entertainment,Savings
06/30/2028,Trader Joe's,32.41,debit,Groceries,Silver Card
07/03/2028,Sushi Bar,30.74,debit,Restaurants,Checking
07/06/2028,Sushi Bar,34.69,debit,Restaurants,Platinum Card
07/07/2028,Barbershop,186.98,debit,Haircut,Platinum Card
07/07/2028,Walmart,194.02,debit,Shopping,Silver Card
07/10/2028,Subway,68.68,debit,Fast Food,Silver Card
07/13/2028,Whole Foods,35.28,debit,Groceries,Platinum Card
07/15/2028,State Farm,133.03,debit,Auto Insurance,Silver Card
07/17/2028,Shell,30.93,debit,Gas & Fuel,Platinum Card
07/18/2028,Peet's Coffee,124.34,debit,Coffee Shops,Checking
07/19/2028,Amazon,41.85,debit,Shopping,Checking
07/21/2028,Water Company,89.52,debit,Utilities,Silver Card
07/24/2028,Chipotle,18.64,debit,Fast Food,Silver Card
07/27/2028,AMC Theaters,9.44,debit,Entertainment,Platinum Card
07/30/2028,Comcast,195.78,debit,Internet,Checking
08/02/2028,AMC Theaters,129.0,debit,Entertainment,Silver Card
08/03/2028,Whole Foods,140.04,debit,Groceries,Savings
08/04/2028,McDonald's,51.43,debit,Fast Food,Platinum Card
08/07/2028,McDonald's,36.98,debit,Fast Food,Platinum Card
08/10/2028,Comcast,128.64,debit,Internet,Silver Card
08/13/2028,BP,58.19,debit,Gas & Fuel,Platinum Card
08/14/2028,AT&T Internet,40.45,debit,Internet,Platinum Card
08/15/2028,Trader Joe's,76.11,debit,Groceries,Platinum Card
08/16/2028,Local Bar,113.53,debit,Alcohol & Bars,Checking
08/16/2028,Subway,58.33,debit,Fast Food,Savings
08/16/2028,Chipotle,40.14,debit,Fast Food,Platinum Card
08/19/2028,Thai Restaurant,53.03,debit,Restaurants,Silver Card
08/22/2028,Trader Joe's,143.35,debit,Groceries,Silver Card
08/25/2028,Payroll,2337.04,credit,Paycheck,Savings
08/28/2028,Chipotle,21.72,debit,Fast Food,Silver Card
08/29/2028,Chipotle,19.25,debit,Fast Food,Checking
08/31/2028,Starbucks,70.94,debit,Coffee Shops,Checking
09/01/2028,BP,69.28,debit,Gas & Fuel,Savings
09/03/2028,Whole Foods,21.6,debit,Groceries,Checking
09/06/2028,Shell,64.7,debit,Gas & Fuel,Platinum Card
09/09/2028,Amazon,193.9,debit,Shopping,Platinum Card
09/10/2028,Chevron,98.0,debit,Gas & Fuel,Silver Card
09/11/2028,Starbucks,143.38,debit,Coffee Shops,Platinum Card
09/13/2028,Chipotle,12.11,debit,Fast Food,Platinum Card
09/15/2028,Spotify,36.99,debit,Music,Silver Card
09/18/2028,Whole Foods,113.37,debit,Groceries,Checking
09/19/2028,Netflix,97.84,debit,Movies & DVDs,Silver Card
09/22/2028,Verizon,28.93,debit,Mobile Phone,Checking
09/24/2028,State Farm,42.41,debit,Auto Insurance,Platinum Card
09/27/2028,Whole Foods,79.18,debit,Groceries,Checking
09/28/2028,Sushi Bar,39.93,debit,Restaurants,Checking
09/28/2028,Walmart,94.04,debit,Shopping,Checking
09/30/2028,Chevron,30.25,debit,Gas & Fuel,Savings
09/30/2028,Walmart,69.4,debit,Shopping,Silver Card
10/01/2028,Shell,65.15,debit,Gas & Fuel,Checking
10/02/2028,AT&T Internet,170.86,debit,Internet,Platinum Card
10/05/2028,Electric Company,49.11,debit,Utilities,Checking
10/06/2028,Netflix,199.69,debit,Movies & DVDs,Platinum Card
10/09/2028,Trader Joe's,141.84,debit,Groceries,Platinum Card
10/10/2028,Walmart,176.47,debit,Shopping,Silver Card
10/13/2028,Water Company,99.65,debit,Utilities,Platinum Card
10/16/2028,Whole Foods,102.08,debit,Groceries,Silver Card
10/16/2028,Italian Bistro,49.44,debit,Restaurants,Checking
10/16/2028,State Farm,91.5,debit,Auto Insurance,Checking
10/16/2028,Peet's Coffee,75.87,debit,Coffee Shops,Silver Card
10/18/2028,Barbershop,123.56,debit,Haircut,Platinum Card
10/20/2028,Walmart,177.38,debit,Shopping,Platinum Card
10/21/2028,Target,12.91,debit,Shopping,Checking
10/22/2028,T-Mobile,34.44,debit,Mobile Phone,Platinum Card
10/25/2028,Netflix,19.0,debit,Entertainment,Savings
10/26/2028,Subway,7.01,debit,Fast Food,Platinum Card
10/27/2028,BP,55.28,debit,Gas & Fuel,Savings
10/27/2028,Subway,53.69,debit,Fast Food,Platinum Card
10/28/2028,Spotify,102.33,debit,Music,Silver Card
10/30/2028,Target,90.92,debit,Shopping,Platinum Card
10/30/2028,Safeway,60.62,debit,Groceries,Silver Card
11/01/2028,Spotify,94.06,debit,Music,Silver Card
11/03/2028,Target,41.93,debit,Shopping,Savings
11/06/2028,BP,20.52,debit,Gas & Fuel,Platinum Card
11/09/2028,Comcast,71.76,debit,Internet,Silver Card
11/10/2028,AT&T Internet,7.72,debit,Internet,Silver Card
11/12/2028,T-Mobile,59.04,debit,Mobile Phone,Savings
11/12/2028,Trader Joe's,66.75,debit,Groceries,Silver Card
11/12/2028,T-Mobile,15.88,debit,Mobile Phone,Platinum Card
11/14/2028,Amazon,102.32,debit,Shopping,Checking
11/17/2028,T-Mobile,16.45,debit,Mobile Phone,Platinum Card
11/19/2028,Italian Bistro,37.76,debit,Restaurants,Savings
11/20/2028,Chipotle,74.34,debit,Fast Food,Platinum Card
11/23/2028,Starbucks,127.75,debit,Coffee Shops,Checking
11/25/2028,BP,66.87,debit,Gas & Fuel,Platinum Card
11/27/2028,AMC Theaters,88.17,debit,Entertainment,Silver Card
11/29/2028,Subway,64.78,debit,Fast Food,Savings
12/02/2028,Thai Restaurant,37.45,debit,Restaurants,Savings
12/05/2028,Subway,6.59,debit,Fast Food,Platinum Card
12/07/2028,Electric Company,88.03,debit,Utilities,Platinum Card
12/10/2028,AMC Theaters,122.64,debit,Entertainment,Savings
12/11/2028,Comcast,120.38,debit,Internet,Checking
12/14/2028,Whole Foods,50.0,debit,Groceries,Checking
12/14/2028,Target,191.93,debit,Shopping,Silver Card
12/15/2028,Peet's Coffee,48.08,debit,Coffee Shops,Platinum Card
12/18/2028,Peet's Coffee,151.97,debit,Coffee Shops,Silver Card
12/20/2028,Walmart,40.75,debit,Shopping,Silver Card
12/23/2028,Sushi Bar,60.49,debit,Restaurants,Checking
12/24/2028,AT&T Internet,105.33,debit,Internet,Checking
12/27/2028,Starbucks,24.11,debit,Coffee Shops,Checking
12/27/2028,Home Depot,100.63,debit,Home Improvement,Platinum Card
12/27/2028,Peet's Coffee,141.31,debit,Coffee Shops,Silver Card
12/30/2028,Direct Deposit,2981.68,credit,Paycheck,Silver Card
01/02/2029,Safeway,74.12,debit,Groceries,Silver Card
01/03/2029,AMC Theaters,102.98,debit,Entertainment,Silver Card
01/06/2029,Trader Joe's,102.32,debit,Groceries,Platinum Card
01/09/2029,Safeway,48.23,debit,Groceries,Platinum Card
01/09/2029,Trader Joe's,129.02,debit,Groceries,Savings
01/10/2029,Chevron,27.55,debit,Gas & Fuel,Checking
01/10/2029,Chevron,83.41,debit,Gas & Fuel,Silver Card
01/10/2029,State Farm,37.83,debit,Auto Insurance,Checking
01/11/2029,Subway,67.2,debit,Fast Food,Platinum Card
01/14/2029,Payroll,2529.66,credit,Paycheck,Checking
01/17/2029,Netflix,132.46,debit,Entertainment,Checking
01/18/2029,Subway,51.16,debit,Fast Food,Silver Card
01/21/2029,AT&T Internet,6.24,debit,Internet,Savings
01/24/2029,Local Bar,32.62,debit,Alcohol & Bars,Platinum Card
01/27/2029,Walmart,111.58,debit,Shopping,Checking
01/27/2029,Italian Bistro,19.2,debit,Restaurants,Platinum Card
01/29/2029,Electric Company,69.32,debit,Utilities,Platinum Card
01/31/2029,Sushi Bar,25.65,debit,Restaurants,Platinum Card
02/03/2029,Chipotle,28.46,debit,Fast Food,Platinum Card
02/04/2029,Verizon,63.32,debit,Mobile Phone,Savings
02/06/2029,BP,40.79,debit,Gas & Fuel,Platinum Card
02/06/2029,Direct Deposit,2579.22,credit,Paycheck,Silver Card
02/09/2029,State Farm,28.01,debit,Auto Insurance,Platinum Card
02/09/2029,Sushi Bar,69.08,debit,Restaurants,Checking
02/11/2029,Netflix,116.69,debit,Entertainment,Platinum Card
02/13/2029,Spotify,122.14,debit,Music,Silver Card
02/13/2029,Direct Deposit,2637.1,credit,Paycheck,Checking
02/15/2029,Local Bar,42.84,debit,Alcohol & Bars,Platinum Card
02/18/2029,AMC Theaters,187.34,debit,Entertainment,Checking
02/20/2029,Italian Bistro,60.55,debit,Restaurants,Checking
02/23/2029,Local Bar,124.84,debit,Alcohol & Bars,Savings
02/25/2029,Whole Foods,86.67,debit,Groceries,Savings
02/28/2029,AMC Theaters,56.42,debit,Entertainment,Savings
02/28/2029,Shell,38.13,debit,Gas & Fuel,Savings
03/02/2029,Local Bar,7.4,debit,Alcohol & Bars,Checking
03/05/2029,Safeway,70.65,debit,Groceries,Silver Card
03/05/2029,Home Depot,141.8,debit,Home Improvement,Checking
03/08/2029,McDonald's,34.56,debit,Fast Food,Savings
03/10/2029,Target,84.53,debit,Shopping,Checking
03/12/2029,Safeway,125.08,debit,Groceries,Checking
03/15/2029,Payroll,2773.65,credit,Paycheck,Silver Card
03/17/2029,AMC Theaters,90.85,debit,Entertainment,Checking
03/20/2029,T-Mobile,126.15,debit,Mobile Phone,Silver Card
03/20/2029,Whole Foods,110.77,debit,Groceries,Silver Card
03/20/2029,Chevron,69.55,debit,Gas & Fuel,Savings
03/22/2029,Peet's Coffee,123.28,debit,Coffee Shops,Silver Card
03/25/2029,McDonald's,39.71,debit,Fast Food,Checking
03/27/2029,Thai Restaurant,63.02,debit,Restaurants,Platinum Card
03/30/2029,Water Company,9.2,debit,Utilities,Silver Card
03/30/2029,Whole Foods,69.83,debit,Groceries,Checking
04/01/2029,Shell,31.96,debit,Gas & Fuel,Platinum Card
04/02/2029,Thai Restaurant,42.51,debit,Restaurants,Silver Card
04/02/2029,Walmart,12.31,debit,Shopping,Savings
04/04/2029,Whole Foods,86.28,debit,Groceries,Checking
04/05/2029,Chevron,88.5,debit,Gas & Fuel,Platinum Card
04/06/2029,Water Company,41.29,debit,Utilities,Savings
04/09/2029,Target,57.07,debit,Shopping,Silver Card
04/09/2029,Walmart,83.58,debit,Shopping,Silver Card
04/10/2029,Netflix,36.08,debit,Entertainment,Platinum Card
04/11/2029,Trader Joe's,51.69,debit,Groceries,Platinum Card
04/12/2029,Trader Joe's,62.35,debit,Groceries,Platinum Card
04/15/2029,Amazon,112.84,debit,Shopping,Checking
04/15/2029,Netflix,121.78,debit,Entertainment,Silver Card
04/18/2029,Chipotle,65.48,debit,Fast Food,Checking
04/18/2029,Safeway,42.66,debit,Groceries,Savings
04/20/2029,Electric Company,31.22,debit,Utilities,Checking
04/21/2029,Trader Joe's,90.91,debit,Groceries,Silver Card
04/24/2029,Electric Company,27.05,debit,Utilities,Platinum Card
04/27/2029,BP,46.5,debit,Gas & Fuel,Savings
04/27/2029,Safeway,105.03,debit,Groceries,Platinum Card
04/29/2029,T-Mobile,132.09,debit,Mobile Phone,Savings
04/29/2029,Local Bar,9.82,debit,Alcohol & Bars,Savings
04/29/2029,Chipotle,59.52,debit,Fast Food,Platinum Card
04/29/2029,Payroll,2148.78,credit,Paycheck,Savings
04/29/2029,Safeway,40.12,debit,Groceries,Platinum Card
05/02/2029,Italian Bistro,42.25,debit,Restaurants,Checking
05/04/2029,Shell,38.23,debit,Gas & Fuel,Platinum Card
05/06/2029,T-Mobile,91.78,debit,Mobile Phone,Savings
05/08/2029,Amazon,81.72,debit,Shopping,Silver Card
05/10/2029,Italian Bistro,34.93,debit,Restaurants,Silver Card
05/12/2029,Electric Company,157.77,debit,Utilities,Silver Card
05/12/2029,Local Bar,108.32,debit,Alcohol & Bars,Savings
05/13/2029,Water Company,184.31,debit,Utilities,Silver Card
05/16/2029,AMC Theaters,22.57,debit,Entertainment,Platinum Card
05/16/2029,State Farm,179.32,debit,Auto Insurance,Platinum Card
05/17/2029,Chevron,29.46,debit,Gas & Fuel,Checking
05/20/2029,Walmart,9.35,debit,Shopping,Silver Card
05/21/2029,Trader Joe's,28.85,debit,Groceries,Platinum Card
05/21/2029,Home Depot,168.94,debit,Home Improvement,Silver Card
05/23/2029,Thai Restaurant,15.0,debit,Restaurants,Checking
05/23/2029,Thai Restaurant,77.31,debit,Restaurants,Platinum Card
05/24/2029,Trader Joe's,99.34,debit,Groceries,Silver Card
05/25/2029,Netflix,72.68,debit,Entertainment,Platinum Card
05/26/2029,Whole Foods,19.35,debit,Groceries,Silver Card
05/26/2029,T-Mobile,98.9,debit,Mobile Phone,Platinum Card
05/26/2029,Thai Restaurant,29.85,debit,Restaurants,Savings
05/29/2029,Safeway,121.09,debit,Groceries,Savings
05/31/2029,Shell,56.17,debit,Gas & Fuel,Platinum Card
05/31/2029,Thai Restaurant,6.23,debit,Restaurants,Platinum Card
06/01/2029,Whole Foods,89.75,debit,Groceries,Savings
06/02/2029,Trader Joe's,146.7,debit,Groceries,Savings
06/03/2029,Payroll,2740.78,credit,Paycheck,Platinum Card
06/06/2029,Direct Deposit,1800.88,credit,Paycheck,Platinum Card
06/08/2029,Direct Deposit,2299.76,credit,Paycheck,Platinum Card
06/08/2029,Netflix,46.9,debit,Entertainment,Silver Card
06/08/2029,Electric Company,185.27,debit,Utilities,Silver Card
06/09/2029,AT&T Internet,79.61,debit,Internet,Checking
06/12/2029,Trader Joe's,26.26,debit,Groceries,Savings
06/15/2029,Sushi Bar,72.22,debit,Restaurants,Checking
06/17/2029,Shell,55.74,debit,Gas & Fuel,Checking
06/19/2029,BP,31.94,debit,Gas & Fuel,Savings
06/21/2029,Starbucks,162.87,debit,Coffee Shops,Checking
06/23/2029,Local Bar,142.61,debit,Alcohol & Bars,Platinum Card
06/23/2029,Trader Joe's,148.96,debit,Groceries,Checking
06/24/2029,Chevron,73.35,debit,Gas & Fuel,Platinum Card
06/26/2029,Barbershop,113.75,debit,Haircut,Checking
06/27/2029,Water Company,46.27,debit,Utilities,Checking
06/27/2029,Whole Foods,35.01,debit,Groceries,Silver Card
06/28/2029,AMC Theaters,132.35,debit,Entertainment,Silver Card
06/28/2029,Trader Joe's,92.78,debit,Groceries,Platinum Card
06/28/2029,Starbucks,181.07,debit,Coffee Shops,Checking
06/28/2029,Netflix,64.04,debit,Entertainment,Platinum Card
06/29/2029,Electric Company,163.63,debit,Utilities,Platinum Card
06/29/2029,Home Depot,188.63,debit,Home Improvement,Silver Card
06/30/2029,T-Mobile,20.5,debit,Mobile Phone,Checking
07/03/2029,Verizon,144.05,debit,Mobile Phone,Checking
07/04/2029,Netflix,157.28,debit,Entertainment,Silver Card
07/06/2029,Shell,44.4,debit,Gas & Fuel,Savings
07/09/2029,Netflix,100.64,debit,Entertainment,Checking
07/10/2029,Walmart,67.51,debit,Shopping,Silver Card
07/11/2029,Water Company,52.72,debit,Utilities,Silver Card
07/14/2029,Chevron,60.87,debit,Gas & Fuel,Savings
07/14/2029,Italian Bistro,56.59,debit,Restaurants,Checking
07/17/2029,Peet's Coffee,183.84,debit,Coffee Shops,Platinum Card
07/18/2029,McDonald's,23.98,debit,Fast Food,Savings
07/20/2029,Payroll,2046.85,credit,Paycheck,Platinum Card
07/21/2029,T-Mobile,130.82,debit,Mobile Phone,Savings
07/21/2029,Thai Restaurant,13.33,debit,Restaurants,Savings
07/22/2029,AMC Theaters,177.27,debit,Entertainment,Silver Card
07/23/2029,Chipotle,57.56,debit,Fast Food,Savings
07/24/2029,Local Bar,127.7,debit,Alcohol & Bars,Savings
07/26/2029,Italian Bistro,42.51,debit,Restaurants,Silver Card
07/28/2029,Water Company,63.74,debit,Utilities,Savings
07/28/2029,Comcast,39.0,debit,Internet,Savings
07/30/2029,Sushi Bar,48.54,debit,Restaurants,Savings
08/01/2029,Netflix,172.43,debit,Entertainment,Silver Card
08/02/2029,Comcast,115.95,debit,Internet,Savings
08/03/2029,AMC Theaters,147.12,debit,Entertainment,Platinum Card
08/05/2029,Amazon,79.83,debit,Shopping,Platinum Card
08/08/2029,Amazon,59.04,debit,Shopping,Platinum Card
08/08/2029,Barbershop,179.84,debit,Haircut,Silver Card
08/11/2029,AMC Theaters,46.65,debit,Entertainment,Savings
08/14/2029,Direct Deposit,2554.82,credit,Paycheck,Platinum Card
08/16/2029,Target,196.28,debit,Shopping,Silver Card
08/17/2029,AT&T Internet,127.12,debit,Internet,Silver Card
08/20/2029,Barbershop,119.77,debit,Haircut,Checking
08/21/2029,Target,62.94,debit,Shopping,Platinum Card
08/21/2029,Target,12.51,debit,Shopping,Silver Card
08/23/2029,Netflix,61.08,debit,Entertainment,Checking
08/23/2029,State Farm,178.42,debit,Auto Insurance,Platinum Card
08/26/2029,BP,24.71,debit,Gas & Fuel,Savings
08/29/2029,Payroll,2728.36,credit,Paycheck,Checking
09/01/2029,Starbucks,189.27,debit,Coffee Shops,Checking
09/01/2029,Trader Joe's,104.29,debit,Groceries,Platinum Card
09/02/2029,Starbucks,159.71,debit,Coffee Shops,Platinum Card
09/04/2029,Italian Bistro,61.1,debit,Restaurants,Savings
09/04/2029,Home Depot,199.05,debit,Home Improvement,Savings
09/04/2029,Local Bar,199.71,debit,Alcohol & Bars,Savings
09/07/2029,Chevron,79.76,debit,Gas & Fuel,Platinum Card
09/07/2029,Thai Restaurant,62.96,debit,Restaurants,Platinum Card
09/09/2029,Walmart,172.72,debit,Shopping,Silver Card
09/09/2029,Subway,52.62,debit,Fast Food,Platinum Card
09/09/2029,Amazon Video,148.99,debit,Movies & DVDs,Platinum Card
09/09/2029,Electric Company,125.35,debit,Utilities,Savings
09/10/2029,Whole Foods,68.73,debit,Groceries,Checking
09/13/2029,Target,63.09,debit,Shopping,Platinum Card
09/14/2029,AT&T Internet,188.18,debit,Internet,Checking
09/17/2029,Shell,31.67,debit,Gas & Fuel,Checking
09/17/2029,Thai Restaurant,47.42,debit,Restaurants,Checking
09/19/2029,Payroll,1922.28,credit,Paycheck,Savings
09/20/2029,Safeway,62.83,debit,Groceries,Savings
09/23/2029,Starbucks,18.47,debit,Coffee Shops,Checking
09/26/2029,Sushi Bar,77.07,debit,Restaurants,Savings
09/28/2029,Trader Joe's,58.55,debit,Groceries,Savings
09/29/2029,Sushi Bar,45.91,debit,Restaurants,Silver Card
10/01/2029,Walmart,64.42,debit,Shopping,Checking
10/03/2029,Amazon,20.16,debit,Shopping,Checking
10/03/2029,Comcast,164.43,debit,Internet,Savings
10/05/2029,Water Company,95.72,debit,Utilities,Silver Card
10/07/2029,Trader Joe's,109.37,debit,Groceries,Savings
10/09/2029,Home Depot,152.14,debit,Home Improvement,Checking
10/09/2029,Comcast,136.22,debit,Internet,Checking
10/09/2029,Safeway,72.13,debit,Groceries,Checking
10/09/2029,Whole Foods,119.56,debit,Groceries,Silver Card
10/12/2029,McDonald's,76.11,debit,Fast Food,Checking
10/12/2029,AMC Theaters,140.41,debit,Entertainment,Checking
10/12/2029,Home Depot,15.06,debit,Home Improvement,Savings
10/12/2029,State Farm,44.56,debit,Auto Insurance,Platinum Card
10/12/2029,Sushi Bar,77.94,debit,Restaurants,Silver Card
10/12/2029,Spotify,168.64,debit,Music,Savings
10/15/2029,Walmart,149.08,debit,Shopping,Platinum Card
10/18/2029,Payroll,2418.43,credit,Paycheck,Platinum Card
10/18/2029,Thai Restaurant,19.53,debit,Restaurants,Silver Card
10/19/2029,Target,194.96,debit,Shopping,Savings
10/22/2029,Amazon,23.81,debit,Shopping,Savings
10/23/2029,BP,70.18,debit,Gas & Fuel,Savings
10/23/2029,Starbucks,59.01,debit,Coffee Shops,Platinum Card
10/24/2029,Thai Restaurant,22.79,debit,Restaurants,Checking
10/25/2029,Target,5.9,debit,Shopping,Silver Card
10/28/2029,Amazon,128.0,debit,Shopping,Silver Card
10/30/2029,Trader Joe's,108.53,debit,Groceries,Platinum Card
11/02/2029,McDonald's,44.46,debit,Fast Food,Checking
11/02/2029,Trader Joe's,143.8,debit,Groceries,Platinum Card
11/02/2029,Whole Foods,78.12,debit,Groceries,Savings
11/03/2029,Local Bar,84.77,debit,Alcohol & Bars,Savings
11/05/2029,McDonald's,46.66,debit,Fast Food,Savings
11/08/2029,Safeway,99.18,debit,Groceries,Savings
11/10/2029,Shell,41.47,debit,Gas & Fuel,Checking
11/13/2029,Safeway,58.78,debit,Groceries,Platinum Card
11/13/2029,Sushi Bar,31.92,debit,Restaurants,Silver Card
11/14/2029,Subway,16.72,debit,Fast Food,Platinum Card
11/16/2029,Safeway,75.18,debit,Groceries,Checking
11/17/2029,Target,28.68,debit,Shopping,Checking
11/20/2029,Verizon,76.31,debit,Mobile Phone,Savings
11/21/2029,Shell,59.6,debit,Gas & Fuel,Checking
11/24/2029,Walmart,82.63,debit,Shopping,Savings
11/27/2029,Safeway,71.27,debit,Groceries,Silver Card
11/27/2029,Whole Foods,140.78,debit,Groceries,Savings
11/30/2029,Whole Foods,90.16,debit,Groceries,Savings
12/01/2029,BP,95.05,debit,Gas & Fuel,Savings
12/02/2029,Chipotle,72.52,debit,Fast Food,Savings
12/05/2029,Sushi Bar,18.57,debit,Restaurants,Platinum Card
12/08/2029,McDonald's,9.09,debit,Fast Food,Checking
12/10/2029,Safeway,67.25,debit,Groceries,Silver Card
12/10/2029,Safeway,107.26,debit,Groceries,Checking
12/13/2029,Chipotle,15.87,debit,Fast Food,Silver Card
12/15/2029,Starbucks,28.11,debit,Coffee Shops,Checking
12/16/2029,AMC Theaters,111.31,debit,Entertainment,Checking
12/16/2029,Starbucks,117.16,debit,Coffee Shops,Platinum Card
12/16/2029,Home Depot,112.63,debit,Home Improvement,Silver Card
12/17/2029,Target,195.45,debit,Shopping,Platinum Card
12/20/2029,State Farm,139.37,debit,Auto Insurance,Platinum Card
12/20/2029,Safeway,110.83,debit,Groceries,Silver Card
12/21/2029,Whole Foods,36.79,debit,Groceries,Checking
12/22/2029,Comcast,188.58,debit,Internet,Silver Card
12/22/2029,Chevron,66.56,debit,Gas & Fuel,Checking
12/25/2029,Netflix,90.18,debit,Entertainment,Checking
12/28/2029,Trader Joe's,108.05,debit,Groceries,Platinum Card
12/29/2029,Chevron,62.26,debit,Gas & Fuel,Platinum Card
12/30/2029,Local Bar,172.51,debit,Alcohol & Bars,Savings
12/30/2029,Verizon,148.43,debit,Mobile Phone,Savings
01/02/2030,Local Bar,171.0,debit,Alcohol & Bars,Silver Card
01/03/2030,Water Company,148.16,debit,Utilities,Checking
01/06/2030,Thai Restaurant,51.67,debit,Restaurants,Checking
01/06/2030,BP,93.27,debit,Gas & Fuel,Platinum Card
01/09/2030,Payroll,2440.4,credit,Paycheck,Silver Card
01/11/2030,Shell,37.41,debit,Gas & Fuel,Checking
01/11/2030,Chevron,89.12,debit,Gas & Fuel,Checking
01/12/2030,Netflix,107.99,debit,Entertainment,Savings
01/12/2030,Walmart,111.52,debit,Shopping,Platinum Card
01/13/2030,Water Company,23.89,debit,Utilities,Silver Card
01/15/2030,Thai Restaurant,75.14,debit,Restaurants,Checking
01/16/2030,Subway,41.49,debit,Fast Food,Checking
01/18/2030,Payroll,2851.7,credit,Paycheck,Platinum Card
01/19/2030,BP,48.34,debit,Gas & Fuel,Savings
01/22/2030,Safeway,47.12,debit,Groceries,Savings
01/23/2030,Netflix,57.38,debit,Entertainment,Savings
01/26/2030,Chevron,29.81,debit,Gas & Fuel,Checking
01/26/2030,Water Company,9.99,debit,Utilities,Silver Card
01/28/2030,Local Bar,183.14,debit,Alcohol & Bars,Savings
01/30/2030,Target,27.14,debit,Shopping,Savings
01/31/2030,Whole Foods,21.34,debit,Groceries,Silver Card
01/31/2030,AMC Theaters,68.28,debit,Entertainment,Checking
01/31/2030,Target,114.78,debit,Shopping,Platinum Card
02/01/2030,McDonald's,50.62,debit,Fast Food,Silver Card
02/04/2030,Walmart,53.27,debit,Shopping,Savings
02/05/2030,Walmart,152.59,debit,Shopping,Silver Card
02/08/2030,Sushi Bar,9.08,debit,Restaurants,Platinum Card
02/11/2030,Safeway,77.45,debit,Groceries,Checking
02/14/2030,Local Bar,44.11,debit,Alcohol & Bars,Platinum Card
02/15/2030,Shell,74.6,debit,Gas & Fuel,Savings
02/18/2030,Starbucks,104.99,debit,Coffee Shops,Savings
02/20/2030,Sushi Bar,13.9,debit,Restaurants,Checking
02/23/2030,Walmart,193.12,debit,Shopping,Savings
02/26/2030,Trader Joe's,70.94,debit,Groceries,Checking
03/01/2030,Whole Foods,28.76,debit,Groceries,Silver Card
03/02/2030,Electric Company,83.72,debit,Utilities,Savings
03/05/2030,Netflix,167.47,debit,Entertainment,Silver Card
03/06/2030,T-Mobile,156.13,debit,Mobile Phone,Silver Card
03/06/2030,State Farm,135.6,debit,Auto Insurance,Platinum Card
03/06/2030,Starbucks,189.32,debit,Coffee Shops,Savings
03/09/2030,Target,39.3,debit,Shopping,Platinum Card
03/09/2030,Local Bar,23.09,debit,Alcohol & Bars,Silver Card
03/09/2030,Chevron,42.48,debit,Gas & Fuel,Checking
03/12/2030,T-Mobile,186.06,debit,Mobile Phone,Savings
03/13/2030,Shell,28.07,debit,Gas & Fuel,Silver Card
03/16/2030,Electric Company,168.85,debit,Utilities,Savings
03/16/2030,Safeway,56.93,debit,Groceries,Savings
03/16/2030,Netflix,171.66,debit,Entertainment,Savings
03/16/2030,Electric Company,24.5,debit,Utilities,Savings
03/19/2030,AMC Theaters,56.85,debit,Entertainment,Checking
03/19/2030,Shell,48.63,debit,Gas & Fuel,Silver Card
03/21/2030,Trader Joe's,46.35,debit,Groceries,Platinum Card
03/24/2030,Safeway,86.16,debit,Groceries,Savings
03/26/2030,Shell,75.33,debit,Gas & Fuel,Checking
03/29/2030,Verizon,83.65,debit,Mobile Phone,Platinum Card
03/29/2030,Water Company,198.08,debit,Utilities,Silver Card
04/01/2030,Chipotle,37.22,debit,Fast Food,Silver Card
04/02/2030,Peet's Coffee,195.39,debit,Coffee Shops,Savings
04/02/2030,Shell,94.79,debit,Gas & Fuel,Silver Card
04/03/2030,AT&T Internet,64.99,debit,Internet,Savings
04/06/2030,Chipotle,69.67,debit,Fast Food,Platinum Card
04/09/2030,AMC Theaters,40.16,debit,Entertainment,Checking
04/12/2030,Chipotle,32.99,debit,Fast Food,Checking
04/14/2030,AMC Theaters,135.79,debit,Entertainment,Platinum Card
04/14/2030,Amazon,81.14,debit,Shopping,Silver Card
04/16/2030,Chevron,85.0,debit,Gas & Fuel,Savings
04/17/2030,Sushi Bar,66.23,debit,Restaurants,Platinum Card
04/20/2030,Amazon Video,115.47,debit,Movies & DVDs,Silver Card
04/22/2030,Amazon Video,139.31,debit,Movies & DVDs,Savings
04/24/2030,Amazon Video,57.18,debit,Movies & DVDs,Savings
04/24/2030,McDonald's,15.58,debit,Fast Food,Checking
04/24/2030,State Farm,89.38,debit,Auto Insurance,Silver Card
04/24/2030,Thai Restaurant,73.38,debit,Restaurants,Platinum Card
04/26/2030,Chevron,26.19,debit,Gas & Fuel,Silver Card
04/28/2030,Starbucks,50.67,debit,Coffee Shops,Platinum Card
04/30/2030,T-Mobile,187.0,debit,Mobile Phone,Platinum Card
04/30/2030,McDonald's,50.78,debit,Fast Food,Checking
05/03/2030,Walmart,176.99,debit,Shopping,Platinum Card
05/04/2030,Amazon,67.89,debit,Shopping,Checking
05/05/2030,Netflix,176.28,debit,Entertainment,Checking
05/06/2030,Starbucks,86.88,debit,Coffee Shops,Savings
05/09/2030,Comcast,129.24,debit,Internet,Checking
05/09/2030,Netflix,63.87,debit,Entertainment,Platinum Card
05/10/2030,Chipotle,79.27,debit,Fast Food,Platinum Card
05/11/2030,Walmart,20.94,debit,Shopping,Checking
05/12/2030,Netflix,195.16,debit,Entertainment,Checking
05/15/2030,Spotify,196.01,debit,Music,Checking
05/15/2030,Walmart,72.26,debit,Shopping,Silver Card
05/18/2030,AMC Theaters,19.7,debit,Entertainment,Platinum Card
05/20/2030,Thai Restaurant,41.27,debit,Restaurants,Savings
05/23/2030,Starbucks,176.11,debit,Coffee Shops,Silver Card
05/23/2030,AMC Theaters,141.43,debit,Entertainment,Platinum Card
05/23/2030,BP,79.93,debit,Gas & Fuel,Platinum Card
05/25/2030,Sushi Bar,67.85,debit,Restaurants,Savings
05/28/2030,Payroll,2366.08,credit,Paycheck,Checking
05/31/2030,State Farm,69.5,debit,Auto Insurance,Checking
05/31/2030,Local Bar,161.4,debit,Alcohol & Bars,Checking
06/03/2030,State Farm,108.9,debit,Auto Insurance,Checking
06/04/2030,Italian Bistro,32.44,debit,Restaurants,Silver Card
06/07/2030,Spotify,199.09,debit,Music,Silver Card
06/09/2030,Thai Restaurant,22.27,debit,Restaurants,Savings
06/12/2030,AMC Theaters,26.14,debit,Entertainment,Checking
06/14/2030,Chevron,82.81,debit,Gas & Fuel,Savings
06/14/2030,Safeway,102.12,debit,Groceries,Savings
06/15/2030,Sushi Bar,74.54,debit,Restaurants,Checking
06/17/2030,Barbershop,127.78,debit,Haircut,Platinum Card
06/19/2030,Italian Bistro,72.52,debit,Restaurants,Savings
06/22/2030,Amazon Video,67.25,debit,Movies & DVDs,Checking
06/23/2030,Whole Foods,89.67,debit,Groceries,Platinum Card
06/25/2030,Amazon,187.73,debit,Shopping,Checking
06/27/2030,Payroll,2892.57,credit,Paycheck,Checking
06/30/2030,AT&T Internet,132.43,debit,Internet,Platinum Card
07/01/2030,Thai Restaurant,51.71,debit,Restaurants,Platinum Card
07/02/2030,Chevron,92.57,debit,Gas & Fuel,Checking
07/05/2030,Direct Deposit,2327.95,credit,Paycheck,Silver Card
07/06/2030,Sushi Bar,41.74,debit,Restaurants,Savings
07/07/2030,Verizon,100.6,debit,Mobile Phone,Silver Card
07/10/2030,Safeway,138.65,debit,Groceries,Checking
07/11/2030,Amazon Video,47.02,debit,Movies & DVDs,Savings
07/12/2030,Sushi Bar,15.5,debit,Restaurants,Checking
07/14/2030,Whole Foods,135.03,debit,Groceries,Savings
07/17/2030,Italian Bistro,73.88,debit,Restaurants,Savings
07/17/2030,Verizon,104.94,debit,Mobile Phone,Savings
07/18/2030,Whole Foods,19.38,debit,Groceries,Checking
07/18/2030,Subway,47.73,debit,Fast Food,Silver Card
07/21/2030,McDonald's,30.83,debit,Fast Food,Savings
07/21/2030,Walmart,199.5,debit,Shopping,Platinum Card
07/23/2030,Water Company,111.32,debit,Utilities,Silver Card
07/23/2030,Subway,41.23,debit,Fast Food,Silver Card
07/25/2030,Peet's Coffee,119.12,debit,Coffee Shops,Checking
07/27/2030,McDonald's,67.43,debit,Fast Food,Checking
07/29/2030,Sushi Bar,25.97,debit,Restaurants,Silver Card
07/29/2030,Sushi Bar,18.27,debit,Restaurants,Platinum Card
07/30/2030,Italian Bistro,71.12,debit,Restaurants,Platinum Card
07/30/2030,Sushi Bar,68.29,debit,Restaurants,Platinum Card
07/30/2030,Peet's Coffee,145.33,debit,Coffee Shops,Silver Card
08/01/2030,Peet's Coffee,78.47,debit,Coffee Shops,Platinum Card
08/01/2030,Italian Bistro,60.16,debit,Restaurants,Checking
08/01/2030,Thai Restaurant,51.31,debit,Restaurants,Savings
08/02/2030,Netflix,149.74,debit,Entertainment,Platinum Card
08/04/2030,T-Mobile,126.71,debit,Mobile Phone,Platinum Card
08/05/2030,Sushi Bar,30.96,debit,Restaurants,Silver Card
08/08/2030,Subway,19.42,debit,Fast Food,Platinum Card
08/09/2030,Direct Deposit,2735.7,credit,Paycheck,Platinum Card
08/12/2030,Starbucks,152.35,debit,Coffee Shops,Checking
08/15/2030,Direct Deposit,1988.09,credit,Paycheck,Checking
08/16/2030,AMC Theaters,181.97,debit,Entertainment,Platinum Card
08/16/2030,Netflix,189.14,debit,Entertainment,Platinum Card
08/18/2030,Chevron,95.04,debit,Gas & Fuel,Checking
08/21/2030,BP,31.32,debit,Gas & Fuel,Savings
08/23/2030,Electric Company,58.64,debit,Utilities,Silver Card
08/26/2030,Direct Deposit,2080.22,credit,Paycheck,Platinum Card
08/28/2030,BP,92.27,debit,Gas & Fuel,Checking
08/29/2030,Safeway,141.29,debit,Groceries,Silver Card
08/31/2030,Chevron,65.3,debit,Gas & Fuel,Savings
09/02/2030,Walmart,189.29,debit,Shopping,Checking
09/05/2030,Walmart,42.16,debit,Shopping,Silver Card
09/06/2030,Sushi Bar,10.15,debit,Restaurants,Platinum Card
09/09/2030,Target,60.86,debit,Shopping,Platinum Card
09/11/2030,Sushi Bar,67.24,debit,Restaurants,Silver Card
09/14/2030,Thai Restaurant,21.28,debit,Restaurants,Checking
09/15/2030,State Farm,80.36,debit,Auto Insurance,Platinum Card
09/18/2030,Netflix,159.05,debit,Movies & DVDs,Platinum Card
09/18/2030,Trader Joe's,31.21,debit,Groceries,Silver Card
09/19/2030,Payroll,2670.53,credit,Paycheck,Checking
09/19/2030,AT&T Internet,43.65,debit,Internet,Savings
09/21/2030,Comcast,107.16,debit,Internet,Checking
09/24/2030,AMC Theaters,164.88,debit,Entertainment,Checking
09/25/2030,Direct Deposit,1901.58,credit,Paycheck,Checking
09/26/2030,Target,113.73,debit,Shopping,Platinum Card
09/29/2030,Verizon,54.01,debit,Mobile Phone,Silver Card
10/02/2030,Italian Bistro,63.92,debit,Restaurants,Silver Card
10/04/2030,Safeway,87.41,debit,Groceries,Savings
10/05/2030,Electric Company,159.45,debit,Utilities,Silver Card
10/08/2030,State Farm,66.8,debit,Auto Insurance,Savings
10/08/2030,BP,72.22,debit,Gas & Fuel,Checking
10/10/2030,Electric Company,112.63,debit,Utilities,Savings
10/12/2030,Netflix,62.83,debit,Entertainment,Platinum Card
10/15/2030,Verizon,39.08,debit,Mobile Phone,Silver Card
10/18/2030,Safeway,77.46,debit,Groceries,Silver Card
10/21/2030,Starbucks,157.14,debit,Coffee Shops,Silver Card
10/21/2030,BP,75.55,debit,Gas & Fuel,Checking
10/21/2030,AMC Theaters,85.49,debit,Entertainment,Platinum Card
10/21/2030,Electric Company,119.14,debit,Utilities,Silver Card
10/23/2030,State Farm,93.49,debit,Auto Insurance,Savings
10/24/2030,Italian Bistro,35.64,debit,Restaurants,Platinum Card
10/25/2030,Verizon,85.15,debit,Mobile Phone,Silver Card
10/26/2030,Electric Company,15.07,debit,Utilities,Savings
10/26/2030,Verizon,59.7,debit,Mobile Phone,Silver Card
10/29/2030,Whole Foods,67.7,debit,Groceries,Platinum Card
10/29/2030,Sushi Bar,12.51,debit,Restaurants,Platinum Card
10/30/2030,Netflix,85.65,debit,Entertainment,Savings
11/01/2030,Local Bar,104.28,debit,Alcohol & Bars,Checking
11/04/2030,Starbucks,48.41,debit,Coffee Shops,Checking
11/05/2030,BP,26.96,debit,Gas & Fuel,Checking
11/08/2030,AMC Theaters,82.4,debit,Entertainment,Silver Card
11/11/2030,Water Company,43.07,debit,Utilities,Platinum Card
11/12/2030,AT&T Internet,46.55,debit,Internet,Platinum Card
11/15/2030,Amazon Video,178.4,debit,Movies & DVDs,Checking
11/17/2030,Amazon Video,185.24,debit,Movies & DVDs,Savings
11/19/2030,McDonald's,41.61,debit,Fast Food,Silver Card
11/19/2030,AMC Theaters,12.54,debit,Entertainment,Platinum Card
11/22/2030,BP,63.03,debit,Gas & Fuel,Savings
11/22/2030,Water Company,178.17,debit,Utilities,Silver Card
11/25/2030,Electric Company,32.48,debit,Utilities,Silver Card
11/25/2030,State Farm,38.86,debit,Auto Insurance,Savings
11/28/2030,Trader Joe's,30.13,debit,Groceries,Silver Card
11/28/2030,Trader Joe's,87.67,debit,Groceries,Platinum Card
11/30/2030,Starbucks,110.86,debit,Coffee Shops,Silver Card
12/01/2030,Direct Deposit,2388.84,credit,Paycheck,Checking
12/03/2030,AMC Theaters,55.11,debit,Entertainment,Silver Card
12/05/2030,Payroll,1810.49,credit,Paycheck,Silver Card
12/05/2030,Netflix,87.85,debit,Entertainment,Platinum Card
12/05/2030,T-Mobile,158.97,debit,Mobile Phone,Checking
12/06/2030,Italian Bistro,19.85,debit,Restaurants,Checking
12/08/2030,AMC Theaters,66.0,debit,Entertainment,Savings
12/09/2030,Thai Restaurant,27.35,debit,Restaurants,Platinum Card
12/11/2030,Shell,97.0,debit,Gas & Fuel,Checking
12/13/2030,Water Company,143.38,debit,Utilities,Silver Card
12/13/2030,Local Bar,38.32,debit,Alcohol & Bars,Savings
12/16/2030,Local Bar,100.94,debit,Alcohol & Bars,Silver Card
12/19/2030,Shell,97.6,debit,Gas & Fuel,Silver Card
12/19/2030,Walmart,139.64,debit,Shopping,Savings
12/20/2030,Home Depot,46.67,debit,Home Improvement,Platinum Card
12/22/2030,State Farm,37.16,debit,Auto Insurance,Platinum Card
12/23/2030,Amazon,182.29,debit,Shopping,Savings
12/23/2030,Chevron,43.34,debit,Gas & Fuel,Savings
12/25/2030,Direct Deposit,2095.02,credit,Paycheck,Savings
12/25/2030,Barbershop,67.78,debit,Haircut,Silver Card
12/28/2030,Whole Foods,136.14,debit,Groceries,Checking
12/28/2030,Local Bar,6.12,debit,Alcohol & Bars,Checking
12/28/2030,Amazon Video,60.15,debit,Movies & DVDs,Platinum Card
12/28/2030,Verizon,132.74,debit,Mobile Phone,Savings
12/28/2030,Safeway,90.39,debit,Groceries,Silver Card
12/29/2030,McDonald's,49.51,debit,Fast Food,Savings
01/01/2031,Thai Restaurant,29.79,debit,Restaurants,Silver Card
01/03/2031,Amazon Video,183.33,debit,Movies & DVDs,Checking
01/04/2031,Shell,79.87,debit,Gas & Fuel,Checking
01/04/2031,Sushi Bar,62.82,debit,Restaurants,Silver Card
01/04/2031,Electric Company,72.05,debit,Utilities,Checking
01/06/2031,Shell,57.79,debit,Gas & Fuel,Checking
01/07/2031,Local Bar,157.0,debit,Alcohol & Bars,Platinum Card
01/09/2031,Peet's Coffee,82.65,debit,Coffee Shops,Platinum Card
01/09/2031,Thai Restaurant,69.61,debit,Restaurants,Savings
01/10/2031,BP,80.11,debit,Gas & Fuel,Checking
01/11/2031,Direct Deposit,2411.28,credit,Paycheck,Checking
01/14/2031,BP,43.47,debit,Gas & Fuel,Checking
01/16/2031,T-Mobile,35.23,debit,Mobile Phone,Platinum Card
01/17/2031,Verizon,86.76,debit,Mobile Phone,Checking
01/19/2031,AMC Theaters,43.85,debit,Entertainment,Silver Card
01/19/2031,Water Company,60.88,debit,Utilities,Checking
01/20/2031,Chevron,45.5,debit,Gas & Fuel,Savings
01/23/2031,AMC Theaters,142.21,debit,Entertainment,Platinum Card
01/23/2031,Local Bar,164.12,debit,Alcohol & Bars,Silver Card
01/23/2031,Whole Foods,104.5,debit,Groceries,Silver Card
01/23/2031,Comcast,28.19,debit,Internet,Platinum Card
01/26/2031,Starbucks,144.86,debit,Coffee Shops,Silver Card
01/29/2031,Water Company,124.32,debit,Utilities,Platinum Card
01/29/2031,Sushi Bar,77.5,debit,Restaurants,Platinum Card
01/31/2031,Water Company,143.3,debit,Utilities,Platinum Card
01/31/2031,Chevron,49.25,debit,Gas & Fuel,Savings
02/03/2031,Direct Deposit,2308.99,credit,Paycheck,Silver Card
02/06/2031,Walmart,20.69,debit,Shopping,Savings
02/09/2031,Trader Joe's,50.86,debit,Groceries,Checking
02/12/2031,Netflix,158.34,debit,Movies & DVDs,Silver Card
02/13/2031,Italian Bistro,56.45,debit,Restaurants,Platinum Card
02/13/2031,AMC Theaters,97.82,debit,Entertainment,Checking
02/14/2031,Whole Foods,105.21,debit,Groceries,Silver Card
02/14/2031,Walmart,87.1,debit,Shopping,Platinum Card
02/16/2031,AMC Theaters,20.72,debit,Entertainment,Checking
02/19/2031,Safeway,56.68,debit,Groceries,Checking
02/21/2031,Subway,73.79,debit,Fast Food,Silver Card
02/21/2031,Amazon Video,82.94,debit,Movies & DVDs,Savings
02/21/2031,Barbershop,10.8,debit,Haircut,Silver Card
02/24/2031,Starbucks,62.96,debit,Coffee Shops,Silver Card
02/27/2031,Walmart,171.08,debit,Shopping,Silver Card
03/01/2031,State Farm,145.14,debit,Auto Insurance,Checking
03/01/2031,Thai Restaurant,14.97,debit,Restaurants,Checking
03/04/2031,State Farm,91.2,debit,Auto Insurance,Silver Card
03/05/2031,Walmart,60.18,debit,Shopping,Platinum Card
03/06/2031,Walmart,10.37,debit,Shopping,Checking
03/06/2031,Spotify,123.98,debit,Music,Silver Card
03/09/2031,Shell,42.52,debit,Gas & Fuel,Savings
03/09/2031,Safeway,100.4,debit,Groceries,Platinum Card
03/10/2031,Comcast,140.72,debit,Internet,Platinum Card
03/11/2031,Shell,75.27,debit,Gas & Fuel,Silver Card
03/13/2031,Italian Bistro,11.65,debit,Restaurants,Savings
03/13/2031,Peet's Coffee,183.8,debit,Coffee Shops,Savings
03/14/2031,Starbucks,173.65,debit,Coffee Shops,Savings
03/14/2031,Direct Deposit,2425.23,credit,Paycheck,Platinum Card
03/17/2031,T-Mobile,140.95,debit,Mobile Phone,Savings
03/19/2031,Starbucks,132.59,debit,Coffee Shops,Checking
03/22/2031,AT&T Internet,97.07,debit,Internet,Checking
03/24/2031,Thai Restaurant,25.37,debit,Restaurants,Platinum Card
03/24/2031,Subway,22.46,debit,Fast Food,Silver Card
03/25/2031,McDonald's,6.01,debit,Fast Food,Checking
03/26/2031,Safeway,31.0,debit,Groceries,Checking
03/29/2031,BP,96.54,debit,Gas & Fuel,Platinum Card
03/29/2031,Starbucks,132.14,debit,Coffee Shops,Silver Card
03/29/2031,AMC Theaters,177.25,debit,Entertainment,Platinum Card
03/30/2031,Thai Restaurant,36.86,debit,Restaurants,Platinum Card
03/30/2031,Sushi Bar,66.07,debit,Restaurants,Silver Card
03/30/2031,Amazon,131.33,debit,Shopping,Savings
03/30/2031,T-Mobile,194.52,debit,Mobile Phone,Silver Card
04/01/2031,Whole Foods,118.31,debit,Groceries,Platinum Card
04/01/2031,Payroll,2765.07,credit,Paycheck,Checking
04/04/2031,Local Bar,24.79,debit,Alcohol & Bars,Platinum Card
04/06/2031,Peet's Coffee,195.36,debit,Coffee Shops,Platinum Card
04/09/2031,Spotify,48.79,debit,Music,Silver Card
04/12/2031,Home Depot,17.88,debit,Home Improvement,Silver Card
04/15/2031,AMC Theaters,82.63,debit,Entertainment,Silver Card
04/16/2031,Amazon,69.64,debit,Shopping,Platinum Card
04/19/2031,Whole Foods,108.69,debit,Groceries,Checking
04/22/2031,BP,62.5,debit,Gas & Fuel,Silver Card
04/22/2031,State Farm,183.41,debit,Auto Insurance,Platinum Card
04/24/2031,Chevron,75.37,debit,Gas & Fuel,Checking
04/26/2031,Subway,21.68,debit,Fast Food,Checking
04/28/2031,Direct Deposit,2019.85,credit,Paycheck,Checking
04/29/2031,Chevron,55.33,debit,Gas & Fuel,Savings
04/29/2031,McDonald's,51.9,debit,Fast Food,Savings
05/02/2031,Safeway,88.64,debit,Groceries,Savings
05/04/2031,Target,110.11,debit,Shopping,Checking
05/07/2031,Home Depot,43.76,debit,Home Improvement,Silver Card
05/10/2031,Electric Company,104.14,debit,Utilities,Checking
05/10/2031,Spotify,6.07,debit,Music,Silver Card
05/13/2031,BP,45.69,debit,Gas & Fuel,Checking
05/14/2031,Trader Joe's,32.93,debit,Groceries,Checking
05/16/2031,Safeway,89.0,debit,Groceries,Platinum Card
05/18/2031,Netflix,57.39,debit,Entertainment,Platinum Card
05/19/2031,Safeway,132.31,debit,Groceries,Silver Card
05/19/2031,Trader Joe's,23.21,debit,Groceries,Savings
05/21/2031,Italian Bistro,46.07,debit,Restaurants,Checking
05/21/2031,Home Depot,120.0,debit,Home Improvement,Savings
05/21/2031,Chevron,44.64,debit,Gas & Fuel,Savings
05/21/2031,Shell,74.49,debit,Gas & Fuel,Checking
05/22/2031,Payroll,2422.85,credit,Paycheck,Checking
05/25/2031,T-Mobile,145.55,debit,Mobile Phone,Checking
05/26/2031,AMC Theaters,148.28,debit,Entertainment,Platinum Card
05/27/2031,Whole Foods,73.06,debit,Groceries,Platinum Card
05/29/2031,Amazon Video,30.41,debit,Movies & DVDs,Savings
06/01/2031,Subway,50.49,debit,Fast Food,Silver Card
06/01/2031,State Farm,182.82,debit,Auto Insurance,Platinum Card
06/01/2031,Chevron,21.14,debit,Gas & Fuel,Silver Card
06/03/2031,McDonald's,62.06,debit,Fast Food,Checking
06/04/2031,Trader Joe's,34.03,debit,Groceries,Silver Card
06/06/2031,Chipotle,26.98,debit,Fast Food,Savings
06/09/2031,Subway,41.06,debit,Fast Food,Platinum Card
06/11/2031,T-Mobile,133.68,debit,Mobile Phone,Savings
06/11/2031,Home Depot,188.54,debit,Home Improvement,Silver Card
06/11/2031,Trader Joe's,56.73,debit,Groceries,Platinum Card
06/12/2031,Netflix,168.66,debit,Entertainment,Checking
06/13/2031,Payroll,2261.48,credit,Paycheck,Silver Card
06/13/2031,T-Mobile,192.67,debit,Mobile Phone,Checking
06/13/2031,Direct Deposit,2614.12,credit,Paycheck,Savings
06/13/2031,Chevron,92.72,debit,Gas & Fuel,Checking
06/13/2031,AMC Theaters,66.8,debit,Entertainment,Silver Card
06/15/2031,Thai Restaurant,12.68,debit,Restaurants,Platinum Card
06/16/2031,Peet's Coffee,23.14,debit,Coffee Shops,Savings
06/16/2031,Electric Company,192.86,debit,Utilities,Silver Card
06/19/2031,T-Mobile,178.38,debit,Mobile Phone,Platinum Card
06/21/2031,Chevron,63.48,debit,Gas & Fuel,Platinum Card
06/22/2031,Water Company,147.23,debit,Utilities,Silver Card
06/22/2031,Shell,75.84,debit,Gas & Fuel,Platinum Card
06/25/2031,Comcast,135.97,debit,Internet,Savings
06/25/2031,Shell,21.73,debit,Gas & Fuel,Silver Card
06/28/2031,McDonald's,17.55,debit,Fast Food,Savings
07/01/2031,Target,5.19,debit,Shopping,Silver Card
07/04/2031,Netflix,101.88,debit,Entertainment,Platinum Card
07/04/2031,Amazon Video,52.83,debit,Movies & DVDs,Platinum Card
07/04/2031,Italian Bistro,70.99,debit,Restaurants,Silver Card
07/06/2031,AMC Theaters,81.16,debit,Entertainment,Checking
07/08/2031,Amazon,41.96,debit,Shopping,Checking
07/11/2031,Home Depot,165.79,debit,Home Improvement,Checking
07/11/2031,State Farm,166.11,debit,Auto Insurance,Silver Card
07/11/2031,Verizon,144.46,debit,Mobile Phone,Silver Card
07/13/2031,Safeway,78.85,debit,Groceries,Checking
07/14/2031,Chipotle,28.14,debit,Fast Food,Savings
07/15/2031,Subway,69.21,debit,Fast Food,Platinum Card
07/17/2031,Electric Company,120.49,debit,Utilities,Savings
07/19/2031,Target,46.61,debit,Shopping,Checking
07/19/2031,AMC Theaters,50.03,debit,Entertainment,Silver Card
07/22/2031,Netflix,167.13,debit,Entertainment,Checking
07/22/2031,Trader Joe's,116.52,debit,Groceries,Checking
07/24/2031,McDonald's,20.91,debit,Fast Food,Silver Card
07/27/2031,Peet's Coffee,108.43,debit,Coffee Shops,Silver Card
07/30/2031,Electric Company,92.37,debit,Utilities,Savings
08/01/2031,AT&T Internet,155.5,debit,Internet,Silver Card
08/03/2031,Netflix,15.8,debit,Entertainment,Checking
08/06/2031,Direct Deposit,2582.43,credit,Paycheck,Platinum Card
08/06/2031,Netflix,18.2,debit,Entertainment,Platinum Card
08/07/2031,Shell,75.57,debit,Gas & Fuel,Platinum Card
08/07/2031,Shell,59.02,debit,Gas & Fuel,Checking
08/09/2031,State Farm,137.53,debit,Auto Insurance,Silver Card
08/12/2031,Local Bar,149.01,debit,Alcohol & Bars,Silver Card
08/13/2031,Target,93.91,debit,Shopping,Savings
08/14/2031,Peet's Coffee,112.69,debit,Coffee Shops,Savings
08/15/2031,Walmart,171.7,debit,Shopping,Savings
08/16/2031,Verizon,112.61,debit,Mobile Phone,Checking
08/18/2031,Water Company,171.18,debit,Utilities,Silver Card
08/19/2031,Water Company,68.66,debit,Utilities,Silver Card
08/20/2031,Starbucks,191.3,debit,Coffee Shops,Platinum Card
08/22/2031,Walmart,181.74,debit,Shopping,Checking
08/25/2031,Starbucks,35.71,debit,Coffee Shops,Checking
08/28/2031,Electric Company,186.69,debit,Utilities,Checking
08/29/2031,Walmart,23.95,debit,Shopping,Checking
09/01/2031,Peet's Coffee,87.77,debit,Coffee Shops,Platinum Card
09/04/2031,AT&T Internet,151.46,debit,Internet,Savings
09/04/2031,Chipotle,25.52,debit,Fast Food,Silver Card
09/06/2031,Verizon,178.61,debit,Mobile Phone,Platinum Card
09/06/2031,Walmart,8.27,debit,Shopping,Checking
09/09/2031,Safeway,120.4,debit,Groceries,Platinum Card
09/12/2031,Starbucks,58.6,debit,Coffee Shops,Silver Card
09/14/2031,Target,29.25,debit,Shopping,Savings
09/16/2031,Netflix,70.72,debit,Entertainment,Silver Card
09/18/2031,Netflix,172.55,debit,Entertainment,Silver Card
09/19/2031,Comcast,101.77,debit,Internet,Platinum Card
09/19/2031,Netflix,83.02,debit,Entertainment,Savings
09/22/2031,AT&T Internet,170.76,debit,Internet,Silver Card
09/22/2031,Sushi Bar,17.47,debit,Restaurants,Savings
09/22/2031,Local Bar,47.75,debit,Alcohol & Bars,Savings
09/22/2031,State Farm,151.41,debit,Auto Insurance,Checking
09/23/2031,Barbershop,106.75,debit,Haircut,Platinum Card
09/24/2031,Walmart,192.09,debit,Shopping,Silver Card
09/26/2031,Trader Joe's,31.52,debit,Groceries,Checking
09/29/2031,Walmart,83.57,debit,Shopping,Platinum Card
10/02/2031,Sushi Bar,30.76,debit,Restaurants,Silver Card
10/03/2031,BP,40.37,debit,Gas & Fuel,Platinum Card
10/05/2031,T-Mobile,48.05,debit,Mobile Phone,Savings
10/07/2031,Safeway,66.4,debit,Groceries,Savings
10/08/2031,Target,158.33,debit,Shopping,Savings
10/09/2031,Netflix,166.57,debit,Entertainment,Platinum Card
10/12/2031,Local Bar,15.45,debit,Alcohol & Bars,Silver Card
10/13/2031,Chevron,38.7,debit,Gas & Fuel,Savings
10/15/2031,Netflix,42.43,debit,Entertainment,Silver Card
10/15/2031,Home Depot,197.58,debit,Home Improvement,Platinum Card
10/17/2031,Electric Company,70.34,debit,Utilities,Platinum Card
10/20/2031,Italian Bistro,61.3,debit,Restaurants,Savings
10/20/2031,Starbucks,60.63,debit,Coffee Shops,Silver Card
10/20/2031,Walmart,141.06,debit,Shopping,Platinum Card
10/20/2031,Thai Restaurant,49.22,debit,Restaurants,Silver Card
10/23/2031,Sushi Bar,54.32,debit,Restaurants,Savings
10/26/2031,Water Company,81.31,debit,Utilities,Savings
10/26/2031,Netflix,107.94,debit,Entertainment,Savings
10/26/2031,Italian Bistro,24.59,debit,Restaurants,Silver Card
10/27/2031,Local Bar,113.12,debit,Alcohol & Bars,Platinum Card
10/29/2031,Home Depot,34.27,debit,Home Improvement,Silver Card
10/31/2031,Sushi Bar,67.48,debit,Restaurants,Savings
10/31/2031,Spotify,11.05,debit,Music,Silver Card
11/02/2031,Italian Bistro,31.14,debit,Restaurants,Platinum Card
11/05/2031,Local Bar,187.85,debit,Alcohol & Bars,Checking
11/06/2031,Whole Foods,54.04,debit,Groceries,Silver Card
11/09/2031,Verizon,15.0,debit,Mobile Phone,Platinum Card
11/10/2031,Italian Bistro,34.76,debit,Restaurants,Silver Card
11/13/2031,Home Depot,63.7,debit,Home Improvement,Checking
11/15/2031,Italian Bistro,11.21,debit,Restaurants,Platinum Card
11/16/2031,T-Mobile,138.95,debit,Mobile Phone,Platinum Card
11/19/2031,Walmart,172.68,debit,Shopping,Silver Card
11/22/2031,Shell,95.86,debit,Gas & Fuel,Savings
11/25/2031,Thai Restaurant,16.59,debit,Restaurants,Savings
11/26/2031,AT&T Internet,153.88,debit,Internet,Checking
11/28/2031,Chipotle,28.94,debit,Fast Food,Savings
12/01/2031,AMC Theaters,112.77,debit,Entertainment,Savings
12/01/2031,Netflix,31.49,debit,Entertainment,Savings
12/02/2031,Starbucks,52.57,debit,Coffee Shops,Silver Card
12/02/2031,Italian Bistro,13.29,debit,Restaurants,Checking
12/05/2031,Shell,47.24,debit,Gas & Fuel,Savings
12/05/2031,Target,194.38,debit,Shopping,Checking
12/05/2031,Chevron,33.13,debit,Gas & Fuel,Silver Card
12/05/2031,AT&T Internet,123.0,debit,Internet,Platinum Card
12/07/2031,AMC Theaters,172.26,debit,Entertainment,Platinum Card
12/10/2031,State Farm,101.25,debit,Auto Insurance,Savings
12/11/2031,State Farm,39.52,debit,Auto Insurance,Savings
12/11/2031,Starbucks,47.98,debit,Coffee Shops,Savings
12/14/2031,Sushi Bar,40.71,debit,Restaurants,Checking
12/16/2031,Electric Company,52.52,debit,Utilities,Platinum Card
12/16/2031,Electric Company,8.75,debit,Utilities,Silver Card
12/19/2031,Netflix,69.12,debit,Entertainment,Platinum Card
12/21/2031,T-Mobile,64.41,debit,Mobile Phone,Savings
12/21/2031,McDonald's,28.11,debit,Fast Food,Savings
12/23/2031,McDonald's,8.68,debit,Fast Food,Silver Card
12/23/2031,Trader Joe's,20.48,debit,Groceries,Savings
12/25/2031,Electric Company,143.74,debit,Utilities,Savings
12/27/2031,Amazon,125.37,debit,Shopping,Silver Card
12/28/2031,Chipotle,41.34,debit,Fast Food,Checking
12/29/2031,Peet's Coffee,176.15,debit,Coffee Shops,Platinum Card
12/30/2031,Electric Company,198.01,debit,Utilities,Silver Card
01/02/2032,AT&T Internet,29.81,debit,Internet,Checking
01/03/2032,Trader Joe's,65.92,debit,Groceries,Platinum Card
01/04/2032,Direct Deposit,2929.93,credit,Paycheck,Platinum Card
01/04/2032,Chipotle,19.31,debit,Fast Food,Silver Card
01/05/2032,Amazon,59.65,debit,Shopping,Savings
01/08/2032,Shell,97.99,debit,Gas & Fuel,Silver Card
01/10/2032,Walmart,174.1,debit,Shopping,Silver Card
01/13/2032,Trader Joe's,91.66,debit,Groceries,Silver Card
01/13/2032,Thai Restaurant,73.06,debit,Restaurants,Savings
01/13/2032,Netflix,126.18,debit,Entertainment,Checking
01/13/2032,Chevron,92.08,debit,Gas & Fuel,Checking
01/14/2032,Amazon Video,186.81,debit,Movies & DVDs,Silver Card
01/15/2032,Whole Foods,111.75,debit,Groceries,Savings
01/17/2032,Water Company,194.95,debit,Utilities,Silver Card
01/19/2032,AT&T Internet,100.16,debit,Internet,Checking
01/21/2032,Comcast,137.99,debit,Internet,Checking
01/24/2032,Amazon,169.77,debit,Shopping,Checking
01/25/2032,Payroll,2735.03,credit,Paycheck,Silver Card
01/25/2032,Starbucks,182.92,debit,Coffee Shops,Silver Card
01/27/2032,Starbucks,43.28,debit,Coffee Shops,Checking
01/27/2032,Italian Bistro,61.59,debit,Restaurants,Savings
01/30/2032,Chipotle,14.29,debit,Fast Food,Silver Card
02/02/2032,Peet's Coffee,74.63,debit,Coffee Shops,Checking
02/04/2032,Shell,47.7,debit,Gas & Fuel,Checking
02/04/2032,Chevron,21.64,debit,Gas & Fuel,Checking
02/04/2032,Shell,28.61,debit,Gas & Fuel,Savings
02/05/2032,Whole Foods,92.94,debit,Groceries,Checking
02/07/2032,Thai Restaurant,6.32,debit,Restaurants,Savings
02/09/2032,State Farm,135.2,debit,Auto Insurance,Silver Card
02/09/2032,Spotify,78.63,debit,Music,Platinum Card
02/11/2032,Amazon,43.39,debit,Shopping,Checking
02/14/2032,Walmart,157.62,debit,Shopping,Savings
02/15/2032,Peet's Coffee,129.26,debit,Coffee Shops,Platinum Card
02/15/2032,Sushi Bar,66.44,debit,Restaurants,Platinum Card
02/17/2032,Direct Deposit,2524.54,credit,Paycheck,Silver Card
02/17/2032,Amazon,15.44,debit,Shopping,Silver Card
02/17/2032,Netflix,104.34,debit,Entertainment,Savings
02/17/2032,Italian Bistro,43.78,debit,Restaurants,Checking
02/20/2032,Home Depot,60.42,debit,Home Improvement,Silver Card
02/23/2032,Walmart,199.74,debit,Shopping,Savings
02/24/2032,Sushi Bar,15.2,debit,Restaurants,Checking
02/24/2032,Trader Joe's,13.47,debit,Groceries,Checking
02/24/2032,Italian Bistro,20.28,debit,Restaurants,Silver Card
02/26/2032,Thai Restaurant,43.44,debit,Restaurants,Savings
02/26/2032,Netflix,58.21,debit,Entertainment,Savings
02/28/2032,Sushi Bar,73.73,debit,Restaurants,Checking
03/01/2032,Barbershop,88.91,debit,Haircut,Checking
03/02/2032,Starbucks,169.21,debit,Coffee Shops,Savings
03/04/2032,Electric Company,101.57,debit,Utilities,Savings
03/04/2032,Electric Company,104.23,debit,Utilities,Platinum Card
03/04/2032,Peet's Coffee,152.1,debit,Coffee Shops,Savings
03/04/2032,Italian Bistro,45.02,debit,Restaurants,Checking
03/05/2032,McDonald's,25.75,debit,Fast Food,Checking
03/08/2032,AMC Theaters,78.39,debit,Entertainment,Checking
03/11/2032,AT&T Internet,33.72,debit,Internet,Savings
03/12/2032,Walmart,55.24,debit,Shopping,Platinum Card
03/14/2032,Verizon,174.18,debit,Mobile Phone,Platinum Card
03/14/2032,Trader Joe's,14.52,debit,Groceries,Silver Card
03/15/2032,Chipotle,43.2,debit,Fast Food,Silver Card
03/16/2032,Whole Foods,23.56,debit,Groceries,Checking
03/18/2032,Walmart,159.35,debit,Shopping,Checking
03/21/2032,Target,154.31,debit,Shopping,Platinum Card
03/23/2032,Target,196.65,debit,Shopping,Checking
03/26/2032,Comcast,22.88,debit,Internet,Checking
03/29/2032,BP,20.18,debit,Gas & Fuel,Platinum Card
04/01/2032,BP,53.4,debit,Gas & Fuel,Savings
04/04/2032,Direct Deposit,2452.27,credit,Paycheck,Platinum Card
04/06/2032,Whole Foods,149.19,debit,Groceries,Silver Card
04/09/2032,McDonald's,61.33,debit,Fast Food,Savings
04/10/2032,Walmart,137.68,debit,Shopping,Savings
04/10/2032,AT&T Internet,121.35,debit,Internet,Platinum Card
04/13/2032,AT&T Internet,191.22,debit,Internet,Savings
04/13/2032,AMC Theaters,178.03,debit,Entertainment,Savings
04/16/2032,Verizon,125.45,debit,Mobile Phone,Silver Card
04/17/2032,Chevron,39.25,debit,Gas & Fuel,Platinum Card
04/20/2032,Trader Joe's,69.48,debit,Groceries,Savings
04/21/2032,T-Mobile,99.25,debit,Mobile Phone,Platinum Card
04/23/2032,Starbucks,37.37,debit,Coffee Shops,Savings
04/25/2032,Spotify,184.96,debit,Music,Platinum Card
04/25/2032,Amazon Video,148.24,debit,Movies & DVDs,Platinum Card
04/27/2032,Home Depot,79.06,debit,Home Improvement,Silver Card
04/29/2032,AMC Theaters,103.3,debit,Entertainment,Checking
05/01/2032,BP,44.96,debit,Gas & Fuel,Platinum Card
05/04/2032,Walmart,78.91,debit,Shopping,Checking
05/07/2032,Water Company,163.2,debit,Utilities,Checking
05/10/2032,BP,61.78,debit,Gas & Fuel,Platinum Card
05/13/2032,Water Company,146.96,debit,Utilities,Silver Card
05/15/2032,Sushi Bar,7.3,debit,Restaurants,Checking
05/16/2032,State Farm,67.62,debit,Auto Insurance,Silver Card
05/18/2032,Sushi Bar,44.66,debit,Restaurants,Silver Card
05/19/2032,Safeway,78.36,debit,Groceries,Savings
05/19/2032,AT&T Internet,56.51,debit,Internet,Savings
05/20/2032,Walmart,32.83,debit,Shopping,Savings
05/23/2032,Chipotle,5.38,debit,Fast Food,Checking
05/24/2032,Peet's Coffee,49.58,debit,Coffee Shops,Silver Card
05/27/2032,Safeway,47.24,debit,Groceries,Checking
05/28/2032,Electric Company,44.71,debit,Utilities,Silver Card
05/31/2032,Target,169.19,debit,Shopping,Savings
06/03/2032,Target,142.81,debit,Shopping,Silver Card
06/04/2032,Safeway,101.02,debit,Groceries,Platinum Card
06/04/2032,T-Mobile,161.27,debit,Mobile Phone,Silver Card
06/06/2032,Barbershop,129.07,debit,Haircut,Checking
06/09/2032,State Farm,37.26,debit,Auto Insurance,Savings
06/10/2032,BP,93.27,debit,Gas & Fuel,Platinum Card
06/13/2032,Whole Foods,65.94,debit,Groceries,Silver Card
06/15/2032,Peet's Coffee,20.25,debit,Coffee Shops,Savings
06/17/2032,Peet's Coffee,94.84,debit,Coffee Shops,Checking
06/19/2032,Electric Company,147.29,debit,Utilities,Savings
06/22/2032,Peet's Coffee,165.16,debit,Coffee Shops,Silver Card
06/25/2032,Local Bar,152.96,debit,Alcohol & Bars,Silver Card
06/28/2032,Whole Foods,31.32,debit,Groceries,Savings
06/29/2032,Walmart,134.74,debit,Shopping,Checking
07/02/2032,Barbershop,38.23,debit,Haircut,Checking
07/02/2032,Comcast,65.03,debit,Internet,Savings
07/05/2032,McDonald's,31.11,debit,Fast Food,Savings
07/05/2032,AT&T Internet,53.06,debit,Internet,Savings
07/08/2032,Subway,6.15,debit,Fast Food,Checking
07/08/2032,Netflix,70.77,debit,Entertainment,Checking
07/10/2032,Chevron,47.36,debit,Gas & Fuel,Checking
07/11/2032,Thai Restaurant,57.09,debit,Restaurants,Savings
07/13/2032,Water Company,56.81,debit,Utilities,Platinum Card
07/16/2032,Amazon,197.57,debit,Shopping,Savings
07/18/2032,Safeway,51.47,debit,Groceries,Platinum Card
07/18/2032,Italian Bistro,44.69,debit,Restaurants,Checking
07/18/2032,Trader Joe's,115.25,debit,Groceries,Savings
07/21/2032,Sushi Bar,37.9,debit,Restaurants,Silver Card
07/22/2032,Sushi Bar,14.5,debit,Restaurants,Checking
07/22/2032,Italian Bistro,72.57,debit,Restaurants,Platinum Card
07/25/2032,Chipotle,30.53,debit,Fast Food,Silver Card
07/26/2032,Verizon,15.5,debit,Mobile Phone,Savings
07/26/2032,Home Depot,112.39,debit,Home Improvement,Silver Card
07/29/2032,Water Company,97.18,debit,Utilities,Silver Card
07/30/2032,Electric Company,76.37,debit,Utilities,Silver Card
08/01/2032,Trader Joe's,33.82,debit,Groceries,Checking
08/04/2032,Starbucks,109.19,debit,Coffee Shops,Platinum Card
08/05/2032,BP,30.46,debit,Gas & Fuel,Savings
08/06/2032,AMC Theaters,96.16,debit,Entertainment,Checking
08/09/2032,Walmart,111.41,debit,Shopping,Platinum Card
08/12/2032,Electric Company,12.62,debit,Utilities,Platinum Card
08/15/2032,Comcast,5.63,debit,Internet,Savings
08/15/2032,Safeway,92.3,debit,Groceries,Platinum Card
08/18/2032,Direct Deposit,2311.12,credit,Paycheck,Silver Card
08/19/2032,Shell,82.9,debit,Gas & Fuel,Platinum Card
08/22/2032,T-Mobile,17.42,debit,Mobile Phone,Silver Card
08/23/2032,Starbucks,42.41,debit,Coffee Shops,Platinum Card
08/23/2032,Italian Bistro,67.24,debit,Restaurants,Silver Card
08/24/2032,Barbershop,113.32,debit,Haircut,Silver Card
08/26/2032,State Farm,86.13,debit,Auto Insurance,Checking
08/26/2032,Verizon,92.6,debit,Mobile Phone,Silver Card
08/28/2032,Shell,45.84,debit,Gas & Fuel,Silver Card
08/29/2032,Shell,25.77,debit,Gas & Fuel,Silver Card
09/01/2032,BP,93.72,debit,Gas & Fuel,Platinum Card
09/02/2032,Amazon,151.15,debit,Shopping,Savings
09/02/2032,Thai Restaurant,14.6,debit,Restaurants,Silver Card
09/04/2032,BP,43.46,debit,Gas & Fuel,Checking
09/05/2032,Subway,20.97,debit,Fast Food,Checking
09/07/2032,Netflix,84.32,debit,Entertainment,Platinum Card
09/08/2032,Whole Foods,111.6,debit,Groceries,Checking
09/10/2032,Payroll,2730.33,credit,Paycheck,Checking
09/11/2032,Amazon,118.98,debit,Shopping,Savings
09/14/2032,Verizon,59.42,debit,Mobile Phone,Checking
09/17/2032,T-Mobile,57.93,debit,Mobile Phone,Platinum Card
09/20/2032,Walmart,129.16,debit,Shopping,Platinum Card
09/21/2032,Spotify,51.28,debit,Music,Silver Card
09/22/2032,BP,52.77,debit,Gas & Fuel,Platinum Card
09/24/2032,Walmart,127.21,debit,Shopping,Silver Card
09/24/2032,Netflix,186.56,debit,Entertainment,Savings
09/27/2032,Netflix,36.59,debit,Entertainment,Silver Card
09/27/2032,Comcast,83.49,debit,Internet,Silver Card
09/29/2032,Sushi Bar,56.95,debit,Restaurants,Silver Card
10/02/2032,Trader Joe's,149.6,debit,Groceries,Platinum Card
10/04/2032,Trader Joe's,138.76,debit,Groceries,Checking
10/05/2032,Amazon,160.52,debit,Shopping,Platinum Card
10/06/2032,BP,32.05,debit,Gas & Fuel,Checking
10/06/2032,Thai Restaurant,62.61,debit,Restaurants,Silver Card
10/06/2032,Amazon Video,77.89,debit,Movies & DVDs,Silver Card
10/08/2032,Subway,32.8,debit,Fast Food,Savings
10/09/2032,Walmart,126.57,debit,Shopping,Platinum Card
10/12/2032,Verizon,166.38,debit,Mobile Phone,Checking
10/15/2032,Walmart,130.18,debit,Shopping,Silver Card
10/17/2032,Sushi Bar,69.76,debit,Restaurants,Checking
10/18/2032,Walmart,30.02,debit,Shopping,Savings
10/21/2032,Comcast,57.32,debit,Internet,Savings
10/24/2032,Whole Foods,84.27,debit,Groceries,Platinum Card
10/27/2032,Water Company,69.85,debit,Utilities,Savings
10/27/2032,Water Company,155.5,debit,Utilities,Checking
10/27/2032,AT&T Internet,41.26,debit,Internet,Platinum Card
10/28/2032,Safeway,109.05,debit,Groceries,Platinum Card
10/30/2032,Sushi Bar,33.34,debit,Restaurants,Platinum Card
10/30/2032,Chipotle,46.96,debit,Fast Food,Checking
10/30/2032,McDonald's,18.14,debit,Fast Food,Silver Card
11/01/2032,Walmart,19.26,debit,Shopping,Savings
11/01/2032,Chipotle,16.45,debit,Fast Food,Savings
11/04/2032,Trader Joe's,11.04,debit,Groceries,Platinum Card
11/04/2032,Home Depot,49.81,debit,Home Improvement,Savings
11/06/2032,Electric Company,175.78,debit,Utilities,Platinum Card
11/08/2032,Shell,48.33,debit,Gas & Fuel,Silver Card
11/10/2032,Whole Foods,37.5,debit,Groceries,Platinum Card
11/11/2032,Electric Company,136.8,debit,Utilities,Platinum Card
11/11/2032,Whole Foods,54.42,debit,Groceries,Savings
11/12/2032,Safeway,24.31,debit,Groceries,Checking
11/15/2032,Walmart,33.29,debit,Shopping,Savings
11/16/2032,Italian Bistro,12.56,debit,Restaurants,Silver Card
11/17/2032,Starbucks,92.29,debit,Coffee Shops,Checking
11/18/2032,Target,170.64,debit,Shopping,Savings
11/20/2032,T-Mobile,98.32,debit,Mobile Phone,Silver Card
11/22/2032,AMC Theaters,108.61,debit,Entertainment,Platinum Card
11/24/2032,Safeway,126.84,debit,Groceries,Savings
11/24/2032,Peet's Coffee,149.49,debit,Coffee Shops,Silver Card
11/27/2032,Payroll,2937.71,credit,Paycheck,Platinum Card
11/28/2032,Italian Bistro,27.83,debit,Restaurants,Savings
11/28/2032,Comcast,115.99,debit,Internet,Platinum Card
12/01/2032,Payroll,2788.51,credit,Paycheck,Checking
12/01/2032,Home Depot,190.12,debit,Home Improvement,Platinum Card
12/03/2032,McDonald's,65.85,debit,Fast Food,Silver Card
12/05/2032,AMC Theaters,153.01,debit,Entertainment,Checking
12/07/2032,Local Bar,80.13,debit,Alcohol & Bars,Silver Card
12/07/2032,Verizon,91.6,debit,Mobile Phone,Checking
12/10/2032,Thai Restaurant,28.51,debit,Restaurants,Savings
12/11/2032,Amazon,18.38,debit,Shopping,Savings
12/12/2032,Amazon Video,146.37,debit,Movies & DVDs,Platinum Card
12/14/2032,Payroll,2388.33,credit,Paycheck,Checking
12/15/2032,Italian Bistro,36.79,debit,Restaurants,Savings
12/16/2032,Home Depot,91.33,debit,Home Improvement,Silver Card
12/17/2032,AT&T Internet,18.3,debit,Internet,Checking
12/18/2032,Trader Joe's,150.0,debit,Groceries,Silver Card
12/20/2032,Water Company,165.24,debit,Utilities,Checking
12/22/2032,Whole Foods,65.36,debit,Groceries,Silver Card
12/22/2032,Netflix,150.58,debit,Entertainment,Checking
12/24/2032,Home Depot,22.84,debit,Home Improvement,Platinum Card
12/26/2032,Home Depot,135.04,debit,Home Improvement,Platinum Card
12/26/2032,Netflix,32.85,debit,Entertainment,Savings
12/27/2032,Netflix,141.88,debit,Entertainment,Silver Card
12/28/2032,Chevron,55.29,debit,Gas & Fuel,Silver Card
12/28/2032,Payroll,1872.83,credit,Paycheck,Platinum Card
12/28/2032,Walmart,105.06,debit,Shopping,Savings
12/31/2032,Target,168.59,debit,Shopping,Checking
12/31/2032,Trader Joe's,82.69,debit,Groceries,Silver Card
12/31/2032,BP,20.02,debit,Gas & Fuel,Platinum Card
01/01/2033,Thai Restaurant,76.38,debit,Restaurants,Checking
01/02/2033,Target,13.41,debit,Shopping,Savings
01/03/2033,Thai Restaurant,66.06,debit,Restaurants,Silver Card
01/03/2033,Whole Foods,87.93,debit,Groceries,Checking
01/06/2033,Amazon,33.61,debit,Shopping,Platinum Card
01/08/2033,AT&T Internet,74.93,debit,Internet,Silver Card
01/08/2033,Verizon,57.69,debit,Mobile Phone,Savings
01/10/2033,Peet's Coffee,155.61,debit,Coffee Shops,Silver Card
01/13/2033,Electric Company,78.45,debit,Utilities,Silver Card
01/14/2033,Shell,76.29,debit,Gas & Fuel,Silver Card
01/15/2033,Water Company,173.01,debit,Utilities,Savings
01/16/2033,Local Bar,113.92,debit,Alcohol & Bars,Platinum Card
01/19/2033,Whole Foods,88.35,debit,Groceries,Platinum Card
01/19/2033,Spotify,137.25,debit,Music,Silver Card
01/22/2033,Chipotle,55.61,debit,Fast Food,Silver Card
01/25/2033,Shell,28.87,debit,Gas & Fuel,Silver Card
01/27/2033,Whole Foods,28.06,debit,Groceries,Silver Card
01/27/2033,Comcast,165.39,debit,Internet,Silver Card
01/28/2033,AMC Theaters,52.83,debit,Entertainment,Silver Card
01/28/2033,Direct Deposit,2888.95,credit,Paycheck,Platinum Card
01/30/2033,Thai Restaurant,46.95,debit,Restaurants,Checking
01/30/2033,Safeway,53.84,debit,Groceries,Platinum Card
02/01/2033,Amazon Video,14.42,debit,Movies & DVDs,Savings
02/03/2033,BP,87.63,debit,Gas & Fuel,Platinum Card
02/05/2033,Target,172.55,debit,Shopping,Platinum Card
02/08/2033,AMC Theaters,62.04,debit,Entertainment,Savings
02/08/2033,Italian Bistro,42.26,debit,Restaurants,Checking
02/10/2033,Direct Deposit,2230.0,credit,Paycheck,Checking
02/13/2033,Shell,31.35,debit,Gas & Fuel,Platinum Card
02/13/2033,Italian Bistro,75.03,debit,Restaurants,Checking
02/14/2033,Whole Foods,31.67,debit,Groceries,Checking
02/14/2033,Netflix,87.02,debit,Entertainment,Platinum Card
02/15/2033,Shell,31.64,debit,Gas & Fuel,Savings
02/15/2033,Spotify,49.9,debit,Music,Savings
02/16/2033,AMC Theaters,127.91,debit,Entertainment,Platinum Card
02/17/2033,Sushi Bar,54.34,debit,Restaurants,Silver Card
02/17/2033,Chevron,83.29,debit,Gas & Fuel,Checking
02/19/2033,Thai Restaurant,78.35,debit,Restaurants,Checking
02/19/2033,Thai Restaurant,29.66,debit,Restaurants,Savings
02/19/2033,Walmart,173.56,debit,Shopping,Silver Card
02/19/2033,Peet's Coffee,24.01,debit,Coffee Shops,Checking
02/21/2033,Trader Joe's,105.45,debit,Groceries,Platinum Card
02/23/2033,Trader Joe's,74.2,debit,Groceries,Checking
02/26/2033,McDonald's,15.2,debit,Fast Food,Checking
03/01/2033,Walmart,169.04,debit,Shopping,Savings
03/04/2033,T-Mobile,166.97,debit,Mobile Phone,Platinum Card
03/05/2033,Thai Restaurant,41.15,debit,Restaurants,Savings
03/08/2033,Netflix,146.42,debit,Entertainment,Platinum Card
03/08/2033,Trader Joe's,22.66,debit,Groceries,Platinum Card
03/08/2033,Trader Joe's,33.73,debit,Groceries,Checking
03/09/2033,McDonald's,54.77,debit,Fast Food,Silver Card
03/09/2033,Electric Company,127.61,debit,Utilities,Savings
03/10/2033,Walmart,131.8,debit,Shopping,Silver Card
03/13/2033,Sushi Bar,79.86,debit,Restaurants,Silver Card
03/15/2033,Amazon,22.96,debit,Shopping,Platinum Card
03/17/2033,Verizon,151.81,debit,Mobile Phone,Checking
03/17/2033,AMC Theaters,86.46,debit,Entertainment,Platinum Card
03/18/2033,Chipotle,79.37,debit,Fast Food,Platinum Card
03/21/2033,AT&T Internet,129.14,debit,Internet,Savings
03/23/2033,Starbucks,183.01,debit,Coffee Shops,Checking
03/25/2033,Trader Joe's,62.28,debit,Groceries,Platinum Card
03/28/2033,Water Company,122.51,debit,Utilities,Silver Card
03/29/2033,Netflix,46.18,debit,Entertainment,Checking
03/31/2033,Local Bar,100.35,debit,Alcohol & Bars,Silver Card
04/02/2033,State Farm,8.76,debit,Auto Insurance,Platinum Card
04/05/2033,Peet's Coffee,182.54,debit,Coffee Shops,Checking
04/05/2033,Local Bar,83.65,debit,Alcohol & Bars,Savings
04/05/2033,Payroll,2836.05,credit,Paycheck,Checking
04/06/2033,Thai Restaurant,34.8,debit,Restaurants,Checking
04/06/2033,Whole Foods,32.21,debit,Groceries,Savings
04/06/2033,Comcast,169.66,debit,Internet,Platinum Card
04/07/2033,Amazon,26.36,debit,Shopping,Checking
04/09/2033,McDonald's,40.13,debit,Fast Food,Platinum Card
04/10/2033,Payroll,2487.37,credit,Paycheck,Checking
04/13/2033,Starbucks,11.41,debit,Coffee Shops,Savings
04/16/2033,Trader Joe's,32.7,debit,Groceries,Checking
04/17/2033,Sushi Bar,5.13,debit,Restaurants,Savings
04/20/2033,Peet's Coffee,152.71,debit,Coffee Shops,Silver Card
04/22/2033,Verizon,160.81,debit,Mobile Phone,Savings
04/23/2033,Home Depot,139.21,debit,Home Improvement,Silver Card
04/23/2033,Whole Foods,101.0,debit,Groceries,Platinum Card
04/23/2033,Thai Restaurant,21.05,debit,Restaurants,Platinum Card
04/24/2033,Whole Foods,112.42,debit,Groceries,Savings
04/27/2033,Peet's Coffee,47.11,debit,Coffee Shops,Checking
04/27/2033,Amazon,65.16,debit,Shopping,Savings
04/27/2033,Italian Bistro,74.12,debit,Restaurants,Savings
04/28/2033,Target,58.91,debit,Shopping,Checking
04/29/2033,Verizon,48.49,debit,Mobile Phone,Silver Card
05/01/2033,Target,154.86,debit,Shopping,Savings
05/01/2033,Barbershop,80.26,debit,Haircut,Silver Card
05/01/2033,Whole Foods,72.14,debit,Groceries,Platinum Card
05/04/2033,Spotify,164.48,debit,Music,Savings
05/05/2033,Netflix,62.04,debit,Entertainment,Platinum Card
05/05/2033,Netflix,86.67,debit,Entertainment,Savings
05/06/2033,AT&T Internet,61.74,debit,Internet,Checking
05/09/2033,Amazon,58.75,debit,Shopping,Checking
05/10/2033,Chevron,56.03,debit,Gas & Fuel,Silver Card
05/12/2033,Water Company,82.38,debit,Utilities,Checking
05/15/2033,Italian Bistro,32.97,debit,Restaurants,Platinum Card
05/18/2033,State Farm,56.02,debit,Auto Insurance,Checking
05/20/2033,Chevron,81.0,debit,Gas & Fuel,Platinum Card
05/20/2033,Verizon,136.1,debit,Mobile Phone,Platinum Card
05/22/2033,Chevron,64.24,debit,Gas & Fuel,Silver Card
05/23/2033,Netflix,116.84,debit,Entertainment,Savings
05/26/2033,Trader Joe's,144.6,debit,Groceries,Checking
05/29/2033,Shell,96.79,debit,Gas & Fuel,Silver Card
05/29/2033,Safeway,31.87,debit,Groceries,Platinum Card
05/29/2033,Verizon,63.94,debit,Mobile Phone,Checking
06/01/2033,Local Bar,185.15,debit,Alcohol & Bars,Platinum Card
06/02/2033,Safeway,108.53,debit,Groceries,Silver Card
06/05/2033,Amazon,199.67,debit,Shopping,Platinum Card
06/05/2033,Payroll,2432.34,credit,Paycheck,Platinum Card
06/06/2033,Thai Restaurant,58.56,debit,Restaurants,Silver Card
06/08/2033,Barbershop,165.3,debit,Haircut,Silver Card
06/09/2033,Starbucks,134.13,debit,Coffee Shops,Savings
06/09/2033,Local Bar,140.9,debit,Alcohol & Bars,Savings
06/12/2033,Italian Bistro,35.65,debit,Restaurants,Savings
06/14/2033,Subway,38.21,debit,Fast Food,Savings
06/15/2033,Electric Company,178.45,debit,Utilities,Checking
06/15/2033,Whole Foods,51.49,debit,Groceries,Silver Card
06/18/2033,Spotify,12.61,debit,Music,Platinum Card
06/19/2033,Comcast,86.93,debit,Internet,Savings
06/20/2033,Chevron,85.7,debit,Gas & Fuel,Savings
06/20/2033,Thai Restaurant,32.44,debit,Restaurants,Checking
06/22/2033,Whole Foods,93.68,debit,Groceries,Savings
06/22/2033,Whole Foods,72.31,debit,Groceries,Checking
06/23/2033,Electric Company,170.69,debit,Utilities,Platinum Card
06/23/2033,Netflix,180.23,debit,Entertainment,Savings
06/24/2033,Netflix,108.35,debit,Entertainment,Silver Card
06/24/2033,Netflix,148.31,debit,Entertainment,Checking
06/27/2033,Italian Bistro,79.42,debit,Restaurants,Silver Card
06/29/2033,Peet's Coffee,35.98,debit,Coffee Shops,Savings
06/29/2033,State Farm,62.13,debit,Auto Insurance,Platinum Card
07/01/2033,Home Depot,123.14,debit,Home Improvement,Checking
07/04/2033,Peet's Coffee,172.8,debit,Coffee Shops,Savings
07/06/2033,Spotify,7.26,debit,Music,Savings
07/08/2033,T-Mobile,129.41,debit,Mobile Phone,Platinum Card
07/09/2033,Electric Company,10.78,debit,Utilities,Savings
07/12/2033,Whole Foods,84.08,debit,Groceries,Silver Card
07/12/2033,Chevron,66.24,debit,Gas & Fuel,Savings
07/15/2033,Chipotle,30.63,debit,Fast Food,Silver Card
07/16/2033,Trader Joe's,18.22,debit,Groceries,Savings
07/18/2033,Chipotle,69.31,debit,Fast Food,Platinum Card
07/20/2033,Thai Restaurant,74.98,debit,Restaurants,Savings
07/22/2033,AT&T Internet,19.1,debit,Internet,Silver Card
07/24/2033,Thai Restaurant,57.35,debit,Restaurants,Silver Card
07/26/2033,Water Company,13.94,debit,Utilities,Platinum Card
07/28/2033,Barbershop,28.07,debit,Haircut,Platinum Card
07/29/2033,Spotify,12.45,debit,Music,Checking
07/31/2033,McDonald's,18.34,debit,Fast Food,Silver Card
08/03/2033,Home Depot,141.0,debit,Home Improvement,Checking
08/04/2033,Sushi Bar,29.2,debit,Restaurants,Savings
08/04/2033,Thai Restaurant,54.11,debit,Restaurants,Platinum Card
08/05/2033,Chevron,94.12,debit,Gas & Fuel,Savings
08/08/2033,Peet's Coffee,128.25,debit,Coffee Shops,Silver Card
08/08/2033,Shell,83.19,debit,Gas & Fuel,Silver Card
08/10/2033,Local Bar,131.76,debit,Alcohol & Bars,Silver Card
08/13/2033,Direct Deposit,2444.74,credit,Paycheck,Silver Card
08/13/2033,Shell,38.05,debit,Gas & Fuel,Savings
08/15/2033,Trader Joe's,75.31,debit,Groceries,Savings
08/15/2033,AMC Theaters,143.41,debit,Entertainment,Savings
08/16/2033,Walmart,33.24,debit,Shopping,Silver Card
08/17/2033,AMC Theaters,32.73,debit,Entertainment,Platinum Card
08/18/2033,Safeway,112.24,debit,Groceries,Platinum Card
08/20/2033,Chipotle,45.08,debit,Fast Food,Platinum Card
08/23/2033,Electric Company,192.03,debit,Utilities,Checking
08/25/2033,Subway,6.83,debit,Fast Food,Silver Card
08/26/2033,Payroll,2445.47,credit,Paycheck,Savings
08/28/2033,Shell,74.78,debit,Gas & Fuel,Silver Card
08/30/2033,Whole Foods,60.63,debit,Groceries,Checking
09/02/2033,Chevron,83.06,debit,Gas & Fuel,Platinum Card
09/02/2033,State Farm,76.13,debit,Auto Insurance,Checking
09/02/2033,T-Mobile,32.68,debit,Mobile Phone,Checking
09/05/2033,Payroll,2651.1,credit,Paycheck,Savings
09/05/2033,Italian Bistro,76.69,debit,Restaurants,Silver Card
09/07/2033,BP,82.05,debit,Gas & Fuel,Silver Card
09/07/2033,State Farm,58.14,debit,Auto Insurance,Checking
09/08/2033,Shell,96.21,debit,Gas & Fuel,Checking
09/09/2033,McDonald's,41.85,debit,Fast Food,Checking
09/12/2033,McDonald's,55.56,debit,Fast Food,Platinum Card
09/14/2033,Walmart,141.12,debit,Shopping,Savings
09/15/2033,Electric Company,63.5,debit,Utilities,Silver Card
09/18/2033,Chevron,71.61,debit,Gas & Fuel,Savings
09/20/2033,Italian Bistro,47.82,debit,Restaurants,Checking
09/21/2033,Italian Bistro,74.04,debit,Restaurants,Checking
09/24/2033,Starbucks,115.99,debit,Coffee Shops,Silver Card
09/27/2033,Italian Bistro,61.39,debit,Restaurants,Platinum Card
09/29/2033,Target,44.18,debit,Shopping,Silver Card
09/29/2033,Local Bar,99.44,debit,Alcohol & Bars,Silver Card
09/29/2033,Sushi Bar,68.4,debit,Restaurants,Checking
10/02/2033,AMC Theaters,105.99,debit,Entertainment,Checking
10/05/2033,Netflix,46.04,debit,Entertainment,Checking
10/05/2033,Safeway,59.22,debit,Groceries,Silver Card
10/08/2033,Shell,24.23,debit,Gas & Fuel,Checking
10/09/2033,Starbucks,42.75,debit,Coffee Shops,Silver Card
10/09/2033,AMC Theaters,42.22,debit,Entertainment,Silver Card
10/11/2033,Peet's Coffee,137.42,debit,Coffee Shops,Platinum Card
10/14/2033,Electric Company,20.51,debit,Utilities,Silver Card
10/14/2033,Barbershop,98.46,debit,Haircut,Silver Card
10/14/2033,Starbucks,15.34,debit,Coffee Shops,Checking
10/15/2033,Shell,23.67,debit,Gas & Fuel,Savings
10/18/2033,AMC Theaters,55.12,debit,Entertainment,Platinum Card
10/21/2033,Water Company,92.19,debit,Utilities,Platinum Card
10/24/2033,AT&T Internet,148.74,debit,Internet,Savings
10/25/2033,McDonald's,9.93,debit,Fast Food,Savings
10/28/2033,Starbucks,8.26,debit,Coffee Shops,Checking
10/29/2033,State Farm,122.76,debit,Auto Insurance,Silver Card
10/30/2033,Peet's Coffee,165.93,debit,Coffee Shops,Platinum Card
11/01/2033,Trader Joe's,77.34,debit,Groceries,Silver Card
11/01/2033,T-Mobile,151.31,debit,Mobile Phone,Savings
11/03/2033,Trader Joe's,139.71,debit,Groceries,Platinum Card
11/03/2033,AMC Theaters,118.55,debit,Entertainment,Savings
11/06/2033,Verizon,197.07,debit,Mobile Phone,Savings
11/09/2033,T-Mobile,54.16,debit,Mobile Phone,Silver Card
11/11/2033,Safeway,94.73,debit,Groceries,Silver Card
11/14/2033,Chevron,98.31,debit,Gas & Fuel,Savings
11/15/2033,Peet's Coffee,73.22,debit,Coffee Shops,Platinum Card
11/16/2033,Barbershop,194.19,debit,Haircut,Checking
11/18/2033,Trader Joe's,53.67,debit,Groceries,Savings
11/18/2033,Target,186.84,debit,Shopping,Checking
11/21/2033,Electric Company,46.04,debit,Utilities,Silver Card
11/24/2033,Peet's Coffee,199.83,debit,Coffee Shops,Platinum Card
11/24/2033,McDonald's,50.17,debit,Fast Food,Platinum Card
11/24/2033,Verizon,109.27,debit,Mobile Phone,Silver Card
11/27/2033,Chipotle,79.28,debit,Fast Food,Savings
11/27/2033,Peet's Coffee,163.09,debit,Coffee Shops,Platinum Card
11/27/2033,AMC Theaters,7.37,debit,Entertainment,Savings
11/30/2033,Chevron,80.61,debit,Gas & Fuel,Savings
12/01/2033,Barbershop,108.93,debit,Haircut,Silver Card
12/02/2033,Local Bar,173.56,debit,Alcohol & Bars,Silver Card
12/05/2033,Netflix,151.68,debit,Entertainment,Checking
12/06/2033,Verizon,8.13,debit,Mobile Phone,Silver Card
12/09/2033,Water Company,138.76,debit,Utilities,Savings
12/12/2033,Subway,71.86,debit,Fast Food,Platinum Card
12/12/2033,T-Mobile,173.03,debit,Mobile Phone,Silver Card
12/13/2033,Comcast,164.61,debit,Internet,Silver Card
12/14/2033,State Farm,132.74,debit,Auto Insurance,Checking
12/14/2033,BP,47.89,debit,Gas & Fuel,Savings
12/15/2033,Netflix,23.75,debit,Entertainment,Platinum Card
12/17/2033,BP,36.46,debit,Gas & Fuel,Silver Card
12/19/2033,Trader Joe's,126.85,debit,Groceries,Platinum Card
12/22/2033,Home Depot,178.96,debit,Home Improvement,Silver Card
12/25/2033,BP,44.12,debit,Gas & Fuel,Checking
12/28/2033,Netflix,13.41,debit,Movies & DVDs,Savings
12/28/2033,Shell,26.13,debit,Gas & Fuel,Platinum Card
12/29/2033,Payroll,2344.56,credit,Paycheck,Checking
12/29/2033,McDonald's,66.21,debit,Fast Food,Checking
12/30/2033,Spotify,31.32,debit,Music,Platinum Card
12/31/2033,Peet's Coffee,144.93,debit,Coffee Shops,Savings
12/31/2033,Verizon,97.5,debit,Mobile Phone,Savings
01/02/2034,Local Bar,10.32,debit,Alcohol & Bars,Checking
01/04/2034,Italian Bistro,23.71,debit,Restaurants,Checking
01/06/2034,Chipotle,8.87,debit,Fast Food,Platinum Card
01/07/2034,Walmart,30.85,debit,Shopping,Checking
01/07/2034,AMC Theaters,41.55,debit,Entertainment,Checking
01/07/2034,Chevron,32.32,debit,Gas & Fuel,Silver Card
01/07/2034,Amazon Video,121.58,debit,Movies & DVDs,Savings
01/09/2034,Italian Bistro,8.91,debit,Restaurants,Checking
01/11/2034,T-Mobile,128.81,debit,Mobile Phone,Checking
01/12/2034,Chevron,47.67,debit,Gas & Fuel,Platinum Card
01/15/2034,Water Company,62.61,debit,Utilities,Checking
01/15/2034,Trader Joe's,99.09,debit,Groceries,Platinum Card
01/17/2034,Chipotle,65.58,debit,Fast Food,Silver Card
01/20/2034,State Farm,140.54,debit,Auto Insurance,Silver Card
01/22/2034,AMC Theaters,174.66,debit,Entertainment,Platinum Card
01/25/2034,Barbershop,33.32,debit,Haircut,Silver Card
01/25/2034,Chipotle,43.16,debit,Fast Food,Silver Card
01/27/2034,Peet's Coffee,52.86,debit,Coffee Shops,Platinum Card
01/28/2034,Payroll,2065.27,credit,Paycheck,Savings
01/30/2034,Electric Company,174.64,debit,Utilities,Platinum Card
02/01/2034,Shell,41.82,debit,Gas & Fuel,Silver Card
02/02/2034,Starbucks,159.89,debit,Coffee Shops,Silver Card
02/04/2034,Local Bar,167.3,debit,Alcohol & Bars,Silver Card
02/06/2034,State Farm,191.6,debit,Auto Insurance,Checking
02/09/2034,State Farm,76.51,debit,Auto Insurance,Silver Card
02/10/2034,Sushi Bar,51.46,debit,Restaurants,Savings
02/11/2034,Electric Company,76.66,debit,Utilities,Silver Card
02/14/2034,Electric Company,96.82,debit,Utilities,Silver Card
02/17/2034,Home Depot,121.18,debit,Home Improvement,Platinum Card
02/17/2034,T-Mobile,175.05,debit,Mobile Phone,Silver Card
02/20/2034,Whole Foods,50.61,debit,Groceries,Checking
02/20/2034,Amazon Video,14.31,debit,Movies & DVDs,Silver Card
02/21/2034,Amazon,27.42,debit,Shopping,Silver Card
02/21/2034,Chevron,59.3,debit,Gas & Fuel,Checking
02/24/2034,Trader Joe's,113.2,debit,Groceries,Platinum Card
02/24/2034,State Farm,165.05,debit,Auto Insurance,Checking
02/24/2034,Payroll,2944.78,credit,Paycheck,Platinum Card
02/25/2034,Comcast,73.22,debit,Internet,Silver Card
02/28/2034,Safeway,45.06,debit,Groceries,Savings
03/02/2034,Sushi Bar,25.17,debit,Restaurants,Silver Card
03/04/2034,Whole Foods,49.26,debit,Groceries,Checking
03/05/2034,Home Depot,77.66,debit,Home Improvement,Checking
03/05/2034,Whole Foods,116.8,debit,Groceries,Silver Card
03/07/2034,Walmart,152.21,debit,Shopping,Silver Card
03/10/2034,Comcast,52.69,debit,Internet,Platinum Card
03/10/2034,Direct Deposit,2444.3,credit,Paycheck,Platinum Card
03/10/2034,Chipotle,61.53,debit,Fast Food,Savings
03/10/2034,Trader Joe's,14.64,debit,Groceries,Savings
03/13/2034,Water Company,106.16,debit,Utilities,Platinum Card
03/13/2034,Sushi Bar,16.57,debit,Restaurants,Savings
03/15/2034,Electric Company,73.23,debit,Utilities,Checking
03/18/2034,Home Depot,76.53,debit,Home Improvement,Platinum Card
03/20/2034,Trader Joe's,102.5,debit,Groceries,Platinum Card
03/23/2034,Target,114.39,debit,Shopping,Platinum Card
03/25/2034,Subway,44.75,debit,Fast Food,Platinum Card
03/25/2034,Home Depot,85.45,debit,Home Improvement,Checking
03/26/2034,Safeway,27.95,debit,Groceries,Checking
03/27/2034,Target,33.89,debit,Shopping,Checking
03/30/2034,Amazon,159.56,debit,Shopping,Checking
03/31/2034,AT&T Internet,25.66,debit,Internet,Checking
04/03/2034,State Farm,116.76,debit,Auto Insurance,Silver Card
04/06/2034,AMC Theaters,182.61,debit,Entertainment,Checking
04/09/2034,Barbershop,72.0,debit,Haircut,Checking
04/11/2034,Italian Bistro,13.83,debit,Restaurants,Silver Card
04/12/2034,Barbershop,46.89,debit,Haircut,Platinum Card
04/14/2034,Barbershop,132.05,debit,Haircut,Checking
04/17/2034,Direct Deposit,2492.58,credit,Paycheck,Checking
04/18/2034,Amazon,143.44,debit,Shopping,Checking
04/19/2034,Starbucks,116.3,debit,Coffee Shops,Savings
04/19/2034,Electric Company,26.26,debit,Utilities,Silver Card
04/20/2034,Spotify,106.64,debit,Music,Silver Card
04/22/2034,McDonald's,74.66,debit,Fast Food,Silver Card
04/24/2034,Subway,7.22,debit,Fast Food,Silver Card
04/27/2034,Peet's Coffee,159.17,debit,Coffee Shops,Savings
04/27/2034,Peet's Coffee,37.67,debit,Coffee Shops,Platinum Card
04/29/2034,Walmart,142.28,debit,Shopping,Savings
05/01/2034,Electric Company,85.63,debit,Utilities,Silver Card
05/04/2034,Trader Joe's,145.4,debit,Groceries,Checking
05/05/2034,McDonald's,72.73,debit,Fast Food,Platinum Card
05/06/2034,Netflix,22.39,debit,Entertainment,Checking
05/07/2034,Chipotle,67.37,debit,Fast Food,Savings
05/10/2034,Peet's Coffee,163.34,debit,Coffee Shops,Checking
05/10/2034,Comcast,11.47,debit,Internet,Platinum Card
05/13/2034,Electric Company,20.97,debit,Utilities,Silver Card
05/13/2034,Subway,64.68,debit,Fast Food,Checking
05/15/2034,Peet's Coffee,47.98,debit,Coffee Shops,Savings
05/17/2034,Chipotle,49.17,debit,Fast Food,Platinum Card
05/19/2034,Chevron,92.35,debit,Gas & Fuel,Platinum Card
05/21/2034,Safeway,149.82,debit,Groceries,Savings
05/24/2034,Direct Deposit,2868.15,credit,Paycheck,Checking
05/27/2034,Payroll,2638.51,credit,Paycheck,Checking
05/27/2034,Amazon,117.39,debit,Shopping,Platinum Card
05/29/2034,Thai Restaurant,32.97,debit,Restaurants,Checking
06/01/2034,Italian Bistro,35.43,debit,Restaurants,Checking
06/02/2034,Water Company,93.35,debit,Utilities,Savings
06/04/2034,Peet's Coffee,184.65,debit,Coffee Shops,Silver Card
06/05/2034,Local Bar,123.42,debit,Alcohol & Bars,Platinum Card
06/08/2034,Water Company,20.19,debit,Utilities,Checking
06/09/2034,Netflix,109.29,debit,Entertainment,Silver Card
06/10/2034,Sushi Bar,18.74,debit,Restaurants,Checking
06/10/2034,Safeway,123.91,debit,Groceries,Platinum Card
06/10/2034,Safeway,80.2,debit,Groceries,Checking
06/11/2034,Thai Restaurant,6.73,debit,Restaurants,Savings
06/11/2034,AMC Theaters,122.55,debit,Entertainment,Silver Card
06/12/2034,Verizon,96.0,debit,Mobile Phone,Checking
06/14/2034,AT&T Internet,39.4,debit,Internet,Silver Card
06/14/2034,Netflix,14.09,debit,Entertainment,Savings
06/16/2034,Thai Restaurant,49.52,debit,Restaurants,Silver Card
06/18/2034,Electric Company,51.13,debit,Utilities,Savings
06/19/2034,AT&T Internet,195.15,debit,Internet,Savings
06/20/2034,T-Mobile,50.67,debit,Mobile Phone,Silver Card
06/20/2034,Amazon,121.49,debit,Shopping,Platinum Card
06/21/2034,Subway,13.36,debit,Fast Food,Platinum Card
06/24/2034,Starbucks,98.95,debit,Coffee Shops,Savings
06/24/2034,Whole Foods,71.99,debit,Groceries,Checking
06/26/2034,Safeway,47.02,debit,Groceries,Platinum Card
06/29/2034,Chevron,55.65,debit,Gas & Fuel,Platinum Card
07/02/2034,Sushi Bar,12.64,debit,Restaurants,Savings
07/04/2034,Safeway,38.14,debit,Groceries,Checking
07/07/2034,Thai Restaurant,78.5,debit,Restaurants,Silver Card
07/10/2034,Subway,72.23,debit,Fast Food,Silver Card
07/13/2034,Home Depot,147.59,debit,Home Improvement,Checking
